dmu,value
Afghanistan_1990,65.4867935180664
Afghanistan_1995,65.17951202392578
Afghanistan_2000,64.9224624633789
Afghanistan_2005,64.5226821899414
Afghanistan_2010,65.24559020996094
Afghanistan_2011,66.835723876953125
Afghanistan_2012,66.0231704711914
Afghanistan_2013,61.36674499511719
Afghanistan_2014,59.01033020019531
Afghanistan_2015,61.252655029296875
Afghanistan_2016,56.28704833984375
Afghanistan_2017,56.91080856323242
Albania_1990,22.718664169311523
Albania_1995,22.029218673706055
Albania_2000,21.99824905395508
Albania_2005,21.575258255004883
Albania_2010,21.277828216552734
Albania_2011,22.772537231445313
Albania_2012,20.578258514404297
Albania_2013,19.93851661682129
Albania_2014,18.883955001831055
Albania_2015,19.51253890991211
Albania_2016,18.18993377685547
Albania_2017,18.20060157775879
Algeria_1990,36.93025588989258
Algeria_1995,36.45658493041992
Algeria_2000,37.53604888916016
Algeria_2005,35.85882568359375
Algeria_2010,33.63581848144531
Algeria_2011,33.834049224853516
Algeria_2012,33.366825103759766
Algeria_2013,34.24532699584961
Algeria_2014,35.56391906738281
Algeria_2015,36.08916473388672
Algeria_2016,39.853275299072266
Algeria_2017,38.884010314941406
American Samoa_1990,12.479083061218262
American Samoa_1995,12.479083061218262
American Samoa_2000,15.21466827392578
American Samoa_2005,15.237841606140137
American Samoa_2010,15.072721481323242
American Samoa_2011,15.390642166137695
American Samoa_2012,14.34415054321289
American Samoa_2013,14.127225875854492
American Samoa_2014,13.316991806030272
American Samoa_2015,13.019390106201172
American Samoa_2016,12.382729530334473
American Samoa_2017,12.473820686340332
Andorra_1990,14.118741989135742
Andorra_1995,13.936866760253906
Andorra_2000,12.59401512145996
Andorra_2005,12.96137809753418
Andorra_2010,12.80719757080078
Andorra_2011,13.273505210876465
Andorra_2012,12.407052993774414
Andorra_2013,11.81367301940918
Andorra_2014,10.830418586730955
Andorra_2015,11.462178230285645
Andorra_2016,10.255834579467772
Andorra_2017,10.307621002197266
Angola_1990,36.448116302490234
Angola_1995,35.602909088134766
Angola_2000,36.18296813964844
Angola_2005,34.962913513183594
Angola_2010,33.78724670410156
Angola_2011,33.10419464111328
Angola_2012,33.415496826171875
Angola_2013,34.66392135620117
Angola_2014,32.97402572631836
Angola_2015,32.72987365722656
Angola_2016,31.785388946533203
Angola_2017,32.38850402832031
Antigua and Barbuda_1990,22.4085636138916
Antigua and Barbuda_1995,22.451595306396484
Antigua and Barbuda_2000,21.976118087768555
Antigua and Barbuda_2005,22.13432884216309
Antigua and Barbuda_2010,22.52887535095215
Antigua and Barbuda_2011,23.14786148071289
Antigua and Barbuda_2012,21.471050262451172
Antigua and Barbuda_2013,20.73538589477539
Antigua and Barbuda_2014,19.725584030151367
Antigua and Barbuda_2015,19.696388244628903
Antigua and Barbuda_2016,18.46092987060547
Antigua and Barbuda_2017,18.622343063354492
Argentina_1990,16.220529556274414
Argentina_1995,16.846065521240234
Argentina_2000,16.780948638916016
Argentina_2005,16.403085708618164
Argentina_2010,16.859100341796875
Argentina_2011,17.38298225402832
Argentina_2012,16.135072708129883
Argentina_2013,15.59737491607666
Argentina_2014,14.46697998046875
Argentina_2015,14.63162612915039
Argentina_2016,13.75144386291504
Argentina_2017,13.311834335327148
Armenia_1990,36.860721588134766
Armenia_1995,35.120941162109375
Armenia_2000,36.79644775390625
Armenia_2005,37.068729400634766
Armenia_2010,37.5300407409668
Armenia_2011,38.612274169921875
Armenia_2012,37.18448638916016
Armenia_2013,34.93721389770508
Armenia_2014,33.0859489440918
Armenia_2015,34.881431579589844
Armenia_2016,32.227169036865234
Armenia_2017,32.52811813354492
Australia_1990,10.41185474395752
Australia_1995,10.426396369934082
Australia_2000,10.84372329711914
Australia_2005,10.59713363647461
Australia_2010,10.618879318237305
Australia_2011,11.04726505279541
Australia_2012,10.537090301513672
Australia_2013,9.98768424987793
Australia_2014,9.492979049682615
Australia_2015,9.32001495361328
Australia_2016,8.614508628845215
Australia_2017,8.550324440002441
Austria_1990,16.866687774658203
Austria_1995,15.70612621307373
Austria_2000,15.35536289215088
Austria_2005,15.592062950134276
Austria_2010,15.149140357971191
Austria_2011,15.573370933532717
Austria_2012,14.28233242034912
Austria_2013,14.081613540649414
Austria_2014,13.379227638244627
Austria_2015,13.541094779968262
Austria_2016,12.596816062927246
Austria_2017,12.47796630859375
Azerbaijan_1990,23.942914962768555
Azerbaijan_1995,23.391427993774418
Azerbaijan_2000,22.88077163696289
Azerbaijan_2005,22.865705490112305
Azerbaijan_2010,23.0476016998291
Azerbaijan_2011,23.62986946105957
Azerbaijan_2012,22.180810928344727
Azerbaijan_2013,22.278779983520508
Azerbaijan_2014,20.71006774902344
Azerbaijan_2015,21.41412353515625
Azerbaijan_2016,20.20815658569336
Azerbaijan_2017,19.92866325378418
Bahamas_1990,21.01992416381836
Bahamas_1995,21.2866268157959
Bahamas_2000,21.318201065063477
Bahamas_2005,21.066356658935547
Bahamas_2010,21.11051368713379
Bahamas_2011,21.774425506591797
Bahamas_2012,20.317075729370117
Bahamas_2013,19.909400939941406
Bahamas_2014,18.495332717895508
Bahamas_2015,18.886306762695313
Bahamas_2016,17.651321411132813
Bahamas_2017,17.367719650268555
Bahrain_1990,68.15876007080078
Bahrain_1995,68.12335205078125
Bahrain_2000,67.9577865600586
Bahrain_2005,64.58727264404297
Bahrain_2010,65.6308822631836
Bahrain_2011,63.73249816894531
Bahrain_2012,70.28748321533203
Bahrain_2013,67.794677734375
Bahrain_2014,62.758544921875
Bahrain_2015,72.60467529296875
Bahrain_2016,69.86418151855469
Bahrain_2017,70.81620788574219
Bangladesh_1990,61.59563064575195
Bangladesh_1995,61.80314254760742
Bangladesh_2000,63.03634262084961
Bangladesh_2005,68.87354278564453
Bangladesh_2010,70.76499938964844
Bangladesh_2011,70.2105484008789
Bangladesh_2012,70.79390716552734
Bangladesh_2013,65.64508056640625
Bangladesh_2014,68.39537811279297
Bangladesh_2015,66.96575164794922
Bangladesh_2016,60.12627410888672
Bangladesh_2017,60.84578323364258
Barbados_1990,28.212522506713867
Barbados_1995,28.24588203430176
Barbados_2000,28.479455947875977
Barbados_2005,28.48280143737793
Barbados_2010,28.216814041137695
Barbados_2011,29.303489685058594
Barbados_2012,27.03352928161621
Barbados_2013,26.2302303314209
Barbados_2014,25.183013916015625
Barbados_2015,24.686241149902344
Barbados_2016,23.459199905395508
Barbados_2017,23.080175399780273
Belarus_1990,24.585847854614254
Belarus_1995,22.65688705444336
Belarus_2000,22.650266647338867
Belarus_2005,22.87190055847168
Belarus_2010,23.31941032409668
Belarus_2011,22.91114616394043
Belarus_2012,21.646371841430664
Belarus_2013,20.5904598236084
Belarus_2014,19.766054153442383
Belarus_2015,20.076276779174805
Belarus_2016,18.878238677978516
Belarus_2017,18.765579223632813
Belgium_1990,17.587495803833008
Belgium_1995,16.496065139770508
Belgium_2000,15.662450790405272
Belgium_2005,15.436351776123049
Belgium_2010,16.009319305419922
Belgium_2011,15.698442459106444
Belgium_2012,14.741893768310549
Belgium_2013,14.022669792175291
Belgium_2014,13.23362159729004
Belgium_2015,13.566522598266602
Belgium_2016,12.833087921142578
Belgium_2017,12.886518478393556
Belize_1990,27.42980194091797
Belize_1995,27.12519264221191
Belize_2000,27.841440200805664
Belize_2005,28.292579650878903
Belize_2010,28.273054122924805
Belize_2011,28.800445556640625
Belize_2012,27.409122467041016
Belize_2013,27.284439086914063
Belize_2014,24.4211483001709
Belize_2015,25.216825485229492
Belize_2016,23.065683364868164
Belize_2017,23.011892318725582
Benin_1990,40.22013473510742
Benin_1995,38.07847213745117
Benin_2000,39.77629470825195
Benin_2005,34.32880783081055
Benin_2010,32.39297103881836
Benin_2011,32.58084487915039
Benin_2012,31.992000579833984
Benin_2013,31.44329833984375
Benin_2014,29.66045570373535
Benin_2015,40.47068405151367
Benin_2016,38.44770431518555
Benin_2017,38.99995803833008
Bermuda_1990,11.749759674072266
Bermuda_1995,11.691011428833008
Bermuda_2000,14.805442810058594
Bermuda_2005,14.77558708190918
Bermuda_2010,14.647381782531738
Bermuda_2011,14.84311294555664
Bermuda_2012,13.979083061218262
Bermuda_2013,13.478851318359377
Bermuda_2014,12.806414604187012
Bermuda_2015,12.417961120605469
Bermuda_2016,11.65994358062744
Bermuda_2017,11.64635944366455
Bhutan_1990,40.20597076416016
Bhutan_1995,40.0750732421875
Bhutan_2000,39.74958038330078
Bhutan_2005,43.01963424682617
Bhutan_2010,43.961883544921875
Bhutan_2011,43.07170486450195
Bhutan_2012,42.932273864746094
Bhutan_2013,41.88190841674805
Bhutan_2014,40.83967208862305
Bhutan_2015,39.81863784790039
Bhutan_2016,37.224365234375
Bhutan_2017,37.9265022277832
Bolivia_1990,23.95267868041992
Bolivia_1995,24.67257308959961
Bolivia_2000,26.25444221496582
Bolivia_2005,29.39564323425293
Bolivia_2010,29.57280921936035
Bolivia_2011,27.904205322265625
Bolivia_2012,26.39024353027344
Bolivia_2013,26.09046936035156
Bolivia_2014,24.818828582763672
Bolivia_2015,22.47640037536621
Bolivia_2016,21.38660430908203
Bolivia_2017,21.568986892700195
Bosnia and Herzegovina_1990,30.352558135986328
Bosnia and Herzegovina_1995,29.33961296081543
Bosnia and Herzegovina_2000,33.17226028442383
Bosnia and Herzegovina_2005,33.77212142944336
Bosnia and Herzegovina_2010,32.30015563964844
Bosnia and Herzegovina_2011,34.19186782836914
Bosnia and Herzegovina_2012,31.77326011657715
Bosnia and Herzegovina_2013,30.446229934692383
Bosnia and Herzegovina_2014,28.777324676513672
Bosnia and Herzegovina_2015,29.622838973999023
Bosnia and Herzegovina_2016,27.594467163085938
Bosnia and Herzegovina_2017,27.747669219970703
Botswana_1990,25.4354305267334
Botswana_1995,24.986309051513672
Botswana_2000,25.30182456970215
Botswana_2005,25.073726654052734
Botswana_2010,25.724720001220703
Botswana_2011,24.59211540222168
Botswana_2012,24.85403823852539
Botswana_2013,24.87425994873047
Botswana_2014,24.151277542114254
Botswana_2015,24.330257415771484
Botswana_2016,23.631267547607425
Botswana_2017,23.09438705444336
Brazil_1990,15.143861770629885
Brazil_1995,15.412857055664063
Brazil_2000,15.773481369018556
Brazil_2005,15.595925331115724
Brazil_2010,15.95528507232666
Brazil_2011,15.912797927856444
Brazil_2012,15.285455703735352
Brazil_2013,14.60990047454834
Brazil_2014,13.989934921264648
Brazil_2015,13.594655990600586
Brazil_2016,12.658676147460938
Brazil_2017,12.706629753112791
Brunei_1990,6.732298374176025
Brunei_1995,6.839568138122559
Brunei_2000,6.8845133781433105
Brunei_2005,7.244391918182373
Brunei_2010,7.417004585266113
Brunei_2011,7.36618709564209
Brunei_2012,7.570822715759277
Brunei_2013,6.709489822387695
Brunei_2014,6.180830001831055
Brunei_2015,6.484179973602295
Brunei_2016,5.927599906921387
Brunei_2017,5.9030656814575195
Bulgaria_1990,27.55988121032715
Bulgaria_1995,25.492809295654297
Bulgaria_2000,24.08980941772461
Bulgaria_2005,23.26729965209961
Bulgaria_2010,22.756195068359375
Bulgaria_2011,24.30032730102539
Bulgaria_2012,22.644655227661133
Bulgaria_2013,20.99963760375977
Bulgaria_2014,20.74357032775879
Bulgaria_2015,20.77642822265625
Bulgaria_2016,19.28301239013672
Bulgaria_2017,19.149131774902344
Burkina Faso_1990,46.0146598815918
Burkina Faso_1995,45.10893249511719
Burkina Faso_2000,44.88311004638672
Burkina Faso_2005,39.335113525390625
Burkina Faso_2010,37.491329193115234
Burkina Faso_2011,37.281375885009766
Burkina Faso_2012,38.78415298461914
Burkina Faso_2013,33.287200927734375
Burkina Faso_2014,33.969093322753906
Burkina Faso_2015,46.56216812133789
Burkina Faso_2016,41.5372428894043
Burkina Faso_2017,42.93559265136719
Burundi_1990,41.2488899230957
Burundi_1995,40.00953674316406
Burundi_2000,40.955780029296875
Burundi_2005,40.14781188964844
Burundi_2010,38.38116836547851
Burundi_2011,38.23619079589844
Burundi_2012,41.011329650878906
Burundi_2013,39.971073150634766
Burundi_2014,39.38755798339844
Burundi_2015,38.43088150024414
Burundi_2016,38.65322494506836
Burundi_2017,38.89626693725586
Cambodia_1990,29.477596282958984
Cambodia_1995,30.06684112548828
Cambodia_2000,29.97403335571289
Cambodia_2005,31.408935546875
Cambodia_2010,31.34313583374023
Cambodia_2011,30.91962432861328
Cambodia_2012,31.28373336791992
Cambodia_2013,30.336528778076172
Cambodia_2014,28.58336639404297
Cambodia_2015,26.76923942565918
Cambodia_2016,25.2028751373291
Cambodia_2017,25.61429214477539
Cameroon_1990,75.00667572021484
Cameroon_1995,72.57501220703125
Cameroon_2000,70.82948303222656
Cameroon_2005,63.45308303833008
Cameroon_2010,59.29340362548828
Cameroon_2011,58.076900482177734
Cameroon_2012,62.77669525146485
Cameroon_2013,58.186336517333984
Cameroon_2014,56.71530532836914
Cameroon_2015,77.05174255371094
Cameroon_2016,73.205291748046875
Cameroon_2017,72.79309844970703
Canada_1990,8.225863456726074
Canada_1995,8.103930473327637
Canada_2000,8.280983924865723
Canada_2005,8.495469093322754
Canada_2010,8.3844575881958
Canada_2011,8.62446117401123
Canada_2012,8.107410430908203
Canada_2013,7.791635990142822
Canada_2014,7.428420066833496
Canada_2015,7.15158224105835
Canada_2016,6.549074649810791
Canada_2017,6.4283833503723145
Cape Verde_1990,36.13872528076172
Cape Verde_1995,36.3646125793457
Cape Verde_2000,36.62812423706055
Cape Verde_2005,30.26240921020508
Cape Verde_2010,27.5964412689209
Cape Verde_2011,31.64177894592285
Cape Verde_2012,32.94099426269531
Cape Verde_2013,32.08584213256836
Cape Verde_2014,31.62108039855957
Cape Verde_2015,38.63361358642578
Cape Verde_2016,33.392330169677734
Cape Verde_2017,34.77870178222656
Central African Republic_1990,53.28715515136719
Central African Republic_1995,53.40425491333008
Central African Republic_2000,51.5721435546875
Central African Republic_2005,52.89663314819336
Central African Republic_2010,51.533321380615234
Central African Republic_2011,51.229530334472656
Central African Republic_2012,53.35883331298828
Central African Republic_2013,50.87491226196289
Central African Republic_2014,49.35636520385742
Central African Republic_2015,58.32609939575195
Central African Republic_2016,56.98542404174805
Central African Republic_2017,56.82849884033203
Chad_1990,65.72098541259766
Chad_1995,68.90049743652344
Chad_2000,65.97160339355469
Chad_2005,58.20089340209961
Chad_2010,56.58662796020508
Chad_2011,55.195159912109375
Chad_2012,58.67538833618164
Chad_2013,53.0564079284668
Chad_2014,51.247169494628906
Chad_2015,68.6823959350586
Chad_2016,64.77076721191406
Chad_2017,66.029205322265625
Chile_1990,24.676055908203125
Chile_1995,24.94324111938477
Chile_2000,26.16859436035156
Chile_2005,25.52731704711914
Chile_2010,25.89229202270508
Chile_2011,27.245866775512695
Chile_2012,25.047155380249023
Chile_2013,23.93669319152832
Chile_2014,22.86825180053711
Chile_2015,22.56979179382324
Chile_2016,20.87687110900879
Chile_2017,21.036298751831055
China_1990,57.76500701904297
China_1995,58.660160064697266
China_2000,60.704837799072266
China_2005,66.17450714111328
China_2010,69.47956848144531
China_2011,70.54203033447266
China_2012,63.82701873779297
China_2013,65.5145492553711
China_2014,59.76736831665039
China_2015,59.06342315673828
China_2016,52.21132278442383
China_2017,52.66459655761719
Colombia_1990,20.383516311645508
Colombia_1995,20.01323699951172
Colombia_2000,20.05341911315918
Colombia_2005,21.28477478027344
Colombia_2010,21.49784469604492
Colombia_2011,21.367778778076172
Colombia_2012,20.536636352539063
Colombia_2013,19.22334861755371
Colombia_2014,18.34420585632324
Colombia_2015,17.300283432006836
Colombia_2016,16.58060073852539
Colombia_2017,16.527210235595703
Comoros_1990,21.753992080688477
Comoros_1995,21.077423095703125
Comoros_2000,21.544055938720703
Comoros_2005,21.24320602416992
Comoros_2010,20.666357040405273
Comoros_2011,21.020160675048828
Comoros_2012,21.252628326416016
Comoros_2013,21.047962188720703
Comoros_2014,21.50207138061523
Comoros_2015,20.715557098388672
Comoros_2016,20.48272705078125
Comoros_2017,20.546825408935547
Congo_1990,46.68716049194336
Congo_1995,42.66256332397461
Congo_2000,43.598785400390625
Congo_2005,42.68905258178711
Congo_2010,42.009090423583984
Congo_2011,44.15559387207031
Congo_2012,43.489986419677734
Congo_2013,46.12663650512695
Congo_2014,45.85281753540039
Congo_2015,44.1476936340332
Congo_2016,45.71104049682617
Congo_2017,46.638221740722656
Costa Rica_1990,18.30876350402832
Costa Rica_1995,18.5616397857666
Costa Rica_2000,19.41210174560547
Costa Rica_2005,19.657306671142575
Costa Rica_2010,19.272953033447266
Costa Rica_2011,19.702133178710938
Costa Rica_2012,19.335126876831055
Costa Rica_2013,18.341516494750977
Costa Rica_2014,17.54363441467285
Costa Rica_2015,16.879289627075195
Costa Rica_2016,15.65581226348877
Costa Rica_2017,15.72592067718506
Cote d'Ivoire_1990,25.873201370239254
Cote d'Ivoire_1995,24.85169219970703
Cote d'Ivoire_2000,25.263492584228516
Cote d'Ivoire_2005,21.828811645507813
Cote d'Ivoire_2010,21.617704391479492
Cote d'Ivoire_2011,22.59307289123535
Cote d'Ivoire_2012,22.494403839111328
Cote d'Ivoire_2013,21.305543899536133
Cote d'Ivoire_2014,20.900177001953125
Cote d'Ivoire_2015,27.6874942779541
Cote d'Ivoire_2016,26.67470359802246
Cote d'Ivoire_2017,25.886266708374023
Croatia_1990,21.938692092895508
Croatia_1995,20.925025939941406
Croatia_2000,21.51238441467285
Croatia_2005,22.12263298034668
Croatia_2010,21.334718704223633
Croatia_2011,21.96600341796875
Croatia_2012,20.202423095703125
Croatia_2013,19.58696174621582
Croatia_2014,18.433103561401367
Croatia_2015,19.206682205200195
Croatia_2016,17.789318084716797
Croatia_2017,17.901771545410156
Cuba_1990,23.79235076904297
Cuba_1995,24.25965118408203
Cuba_2000,24.137367248535156
Cuba_2005,24.009920120239254
Cuba_2010,23.93329811096191
Cuba_2011,24.78731918334961
Cuba_2012,23.23978805541992
Cuba_2013,22.85074234008789
Cuba_2014,21.296234130859375
Cuba_2015,20.864099502563477
Cuba_2016,19.73784065246582
Cuba_2017,19.70604705810547
Cyprus_1990,20.90657615661621
Cyprus_1995,20.517221450805664
Cyprus_2000,20.184993743896484
Cyprus_2005,19.71804428100586
Cyprus_2010,20.081865310668945
Cyprus_2011,20.09096336364746
Cyprus_2012,19.224843978881836
Cyprus_2013,18.684545516967773
Cyprus_2014,18.293527603149418
Cyprus_2015,19.101346969604492
Cyprus_2016,16.95802116394043
Cyprus_2017,17.29440689086914
Czechia_1990,24.40361785888672
Czechia_1995,22.1213321685791
Czechia_2000,20.43670654296875
Czechia_2005,19.946592330932617
Czechia_2010,20.676870346069336
Czechia_2011,20.08124732971191
Czechia_2012,18.743175506591797
Czechia_2013,17.996286392211914
Czechia_2014,17.391216278076172
Czechia_2015,17.416452407836914
Czechia_2016,16.100584030151367
Czechia_2017,16.071245193481445
Democratic Republic of Congo_1990,43.23313522338867
Democratic Republic of Congo_1995,43.483036041259766
Democratic Republic of Congo_2000,44.76174545288086
Democratic Republic of Congo_2005,42.04343795776367
Democratic Republic of Congo_2010,41.398040771484375
Democratic Republic of Congo_2011,41.4932861328125
Democratic Republic of Congo_2012,43.03676986694336
Democratic Republic of Congo_2013,44.49576187133789
Democratic Republic of Congo_2014,42.54944610595703
Democratic Republic of Congo_2015,44.93118667602539
Democratic Republic of Congo_2016,45.4995002746582
Democratic Republic of Congo_2017,44.90926361083984
Denmark_1990,13.25493049621582
Denmark_1995,12.667547225952148
Denmark_2000,12.416939735412598
Denmark_2005,12.078428268432615
Denmark_2010,11.929147720336914
Denmark_2011,12.662331581115724
Denmark_2012,11.115525245666504
Denmark_2013,10.820279121398926
Denmark_2014,11.066704750061035
Denmark_2015,10.657285690307615
Denmark_2016,10.095972061157228
Denmark_2017,10.029653549194336
Djibouti_1990,40.877166748046875
Djibouti_1995,41.22401428222656
Djibouti_2000,40.98011016845703
Djibouti_2005,39.17293930053711
Djibouti_2010,38.240867614746094
Djibouti_2011,40.441837310791016
Djibouti_2012,39.94282150268555
Djibouti_2013,40.1037712097168
Djibouti_2014,41.259727478027344
Djibouti_2015,45.950809478759766
Djibouti_2016,45.868873596191406
Djibouti_2017,45.549617767333984
Dominica_1990,23.341428756713867
Dominica_1995,22.865650177001953
Dominica_2000,22.955415725708008
Dominica_2005,23.562835693359375
Dominica_2010,23.740745544433594
Dominica_2011,24.276123046875
Dominica_2012,22.21579933166504
Dominica_2013,22.15106773376465
Dominica_2014,21.01030731201172
Dominica_2015,20.68878936767578
Dominica_2016,19.988147735595703
Dominica_2017,19.493154525756836
Dominican Republic_1990,15.444073677062988
Dominican Republic_1995,15.739140510559082
Dominican Republic_2000,16.453149795532227
Dominican Republic_2005,16.585445404052734
Dominican Republic_2010,16.874465942382813
Dominican Republic_2011,17.299779891967773
Dominican Republic_2012,16.15283966064453
Dominican Republic_2013,15.396950721740724
Dominican Republic_2014,14.188074111938477
Dominican Republic_2015,14.858221054077148
Dominican Republic_2016,13.690227508544922
Dominican Republic_2017,13.72632122039795
East Asia and Pacific_1990,44.91630554199219
East Asia and Pacific_1995,45.44395065307617
East Asia and Pacific_2000,46.58545684814453
East Asia and Pacific_2005,50.1450309753418
East Asia and Pacific_2010,51.912010192871094
East Asia and Pacific_2011,52.42434310913086
East Asia and Pacific_2012,48.0814323425293
East Asia and Pacific_2013,48.87065887451172
East Asia and Pacific_2014,44.89937973022461
East Asia and Pacific_2015,44.27488327026367
East Asia and Pacific_2016,39.57075500488281
East Asia and Pacific_2017,39.80504608154297
Ecuador_1990,18.4244327545166
Ecuador_1995,18.485010147094727
Ecuador_2000,18.700265884399418
Ecuador_2005,19.91466903686523
Ecuador_2010,19.979188919067383
Ecuador_2011,19.32199478149414
Ecuador_2012,19.557710647583008
Ecuador_2013,18.118608474731445
Ecuador_2014,16.234188079833984
Ecuador_2015,15.699707984924316
Ecuador_2016,14.98157787322998
Ecuador_2017,14.886100769042969
Egypt_1990,75.47526550292969
Egypt_1995,72.33836364746094
Egypt_2000,73.26432037353516
Egypt_2005,74.03844451904297
Egypt_2010,77.44661712646484
Egypt_2011,70.7863540649414
Egypt_2012,72.79056549072266
Egypt_2013,76.213653564453125
Egypt_2014,76.559600830078125
Egypt_2015,88.21338653564453
Egypt_2016,88.14849853515625
Egypt_2017,86.99945068359375
El Salvador_1990,31.12621307373047
El Salvador_1995,31.819589614868164
El Salvador_2000,31.852596282958984
El Salvador_2005,31.97286605834961
El Salvador_2010,30.46194076538086
El Salvador_2011,33.628265380859375
El Salvador_2012,30.93397521972656
El Salvador_2013,30.7598819732666
El Salvador_2014,27.50259017944336
El Salvador_2015,26.4747314453125
El Salvador_2016,24.736486434936523
El Salvador_2017,24.472291946411133
Equatorial Guinea_1990,51.36949920654297
Equatorial Guinea_1995,52.100807189941406
Equatorial Guinea_2000,51.73966979980469
Equatorial Guinea_2005,45.583953857421875
Equatorial Guinea_2010,46.186485290527344
Equatorial Guinea_2011,46.85258865356445
Equatorial Guinea_2012,45.23237228393555
Equatorial Guinea_2013,43.62579345703125
Equatorial Guinea_2014,44.30179977416992
Equatorial Guinea_2015,52.634368896484375
Equatorial Guinea_2016,54.509029388427734
Equatorial Guinea_2017,53.24061965942383
Eritrea_1990,46.92133331298828
Eritrea_1995,46.34363555908203
Eritrea_2000,46.372928619384766
Eritrea_2005,47.11026382446289
Eritrea_2010,45.22713851928711
Eritrea_2011,45.2574462890625
Eritrea_2012,46.133846282958984
Eritrea_2013,47.62781524658203
Eritrea_2014,44.37494659423828
Eritrea_2015,49.82891082763672
Eritrea_2016,48.670936584472656
Eritrea_2017,48.03019714355469
Estonia_1990,9.05192756652832
Estonia_1995,8.578045845031738
Estonia_2000,8.227386474609375
Estonia_2005,8.457242965698242
Estonia_2010,8.519848823547363
Estonia_2011,8.442559242248535
Estonia_2012,7.810698509216309
Estonia_2013,7.482813358306885
Estonia_2014,7.705552577972412
Estonia_2015,7.003727436065674
Estonia_2016,6.821447849273682
Estonia_2017,6.732123851776123
Eswatini_1990,18.832181930541992
Eswatini_1995,18.406869888305664
Eswatini_2000,18.668550491333008
Eswatini_2005,18.30488395690918
Eswatini_2010,18.128192901611328
Eswatini_2011,17.973312377929688
Eswatini_2012,18.18233108520508
Eswatini_2013,18.30780792236328
Eswatini_2014,17.978776931762695
Eswatini_2015,17.924808502197266
Eswatini_2016,17.148548126220703
Eswatini_2017,17.168787002563477
Ethiopia_1990,35.800750732421875
Ethiopia_1995,35.8358039855957
Ethiopia_2000,35.533966064453125
Ethiopia_2005,34.351009368896484
Ethiopia_2010,35.6341438293457
Ethiopia_2011,36.31794357299805
Ethiopia_2012,35.97384262084961
Ethiopia_2013,35.88420486450195
Ethiopia_2014,35.04359817504883
Ethiopia_2015,38.858604431152344
Ethiopia_2016,39.24503707885742
Ethiopia_2017,38.978736877441406
Europe and Central Asia_1990,21.92867851257324
Europe and Central Asia_1995,20.867273330688477
Europe and Central Asia_2000,20.33548927307129
Europe and Central Asia_2005,20.153846740722656
Europe and Central Asia_2010,20.5834903717041
Europe and Central Asia_2011,20.575298309326172
Europe and Central Asia_2012,19.500659942626953
Europe and Central Asia_2013,19.080154418945313
Europe and Central Asia_2014,18.391639709472656
Europe and Central Asia_2015,19.00069808959961
Europe and Central Asia_2016,18.009960174560547
Europe and Central Asia_2017,18.08347511291504
European Union_1990,18.56616973876953
European Union_1995,17.383892059326172
European Union_2000,16.64126968383789
European Union_2005,16.418832778930664
European Union_2010,16.502214431762695
European Union_2011,16.631208419799805
European Union_2012,15.310091018676758
European Union_2013,14.79927921295166
European Union_2014,14.250036239624023
European Union_2015,14.47106647491455
European Union_2016,13.431675910949709
European Union_2017,13.465907096862791
Fiji_1990,13.066792488098145
Fiji_1995,12.955780029296877
Fiji_2000,13.138453483581545
Fiji_2005,12.902495384216309
Fiji_2010,13.5338134765625
Fiji_2011,13.836461067199709
Fiji_2012,12.85205364227295
Fiji_2013,12.144618034362791
Fiji_2014,11.922892570495604
Fiji_2015,11.641944885253906
Fiji_2016,11.059343338012695
Fiji_2017,10.840160369873049
Finland_1990,7.412718296051025
Finland_1995,7.232851505279541
Finland_2000,7.093878746032715
Finland_2005,7.142454624176025
Finland_2010,7.19033145904541
Finland_2011,7.2836995124816895
Finland_2012,6.601133346557617
Finland_2013,6.278689384460449
Finland_2014,6.468639850616455
Finland_2015,6.063834190368652
Finland_2016,5.893757343292236
Finland_2017,5.861330986022949
France_1990,15.8496675491333
France_1995,15.273503303527832
France_2000,14.723017692565918
France_2005,14.704505920410156
France_2010,14.845621109008787
France_2011,14.878019332885742
France_2012,13.83475399017334
France_2013,13.594308853149414
France_2014,12.289703369140623
France_2015,12.745707511901855
France_2016,11.855184555053713
France_2017,11.814963340759276
Gabon_1990,42.91521453857422
Gabon_1995,42.847320556640625
Gabon_2000,42.58917236328125
Gabon_2005,39.97835159301758
Gabon_2010,40.27758026123047
Gabon_2011,41.13028335571289
Gabon_2012,40.814090728759766
Gabon_2013,40.72566223144531
Gabon_2014,41.3195686340332
Gabon_2015,44.09590148925781
Gabon_2016,43.72065353393555
Gabon_2017,44.38554763793945
Gambia_1990,35.2938232421875
Gambia_1995,34.77638244628906
Gambia_2000,34.60087966918945
Gambia_2005,30.283668518066406
Gambia_2010,30.201263427734375
Gambia_2011,29.264923095703125
Gambia_2012,30.72906494140625
Gambia_2013,29.804672241210938
Gambia_2014,30.62189483642578
Gambia_2015,36.305381774902344
Gambia_2016,32.61530303955078
Gambia_2017,33.98263931274414
Georgia_1990,26.52648544311523
Georgia_1995,25.2730712890625
Georgia_2000,25.273801803588867
Georgia_2005,25.627283096313477
Georgia_2010,26.101238250732425
Georgia_2011,26.78360366821289
Georgia_2012,25.002849578857425
Georgia_2013,23.91020393371582
Georgia_2014,22.966707229614254
Georgia_2015,24.25264549255371
Georgia_2016,21.829635620117188
Georgia_2017,22.196054458618164
Germany_1990,17.016523361206055
Germany_1995,15.625370025634766
Germany_2000,14.903934478759766
Germany_2005,14.535208702087402
Germany_2010,15.189495086669922
Germany_2011,14.664228439331056
Germany_2012,13.577642440795898
Germany_2013,13.191919326782228
Germany_2014,12.751220703125
Germany_2015,12.82609748840332
Germany_2016,11.937810897827148
Germany_2017,12.028767585754396
Ghana_1990,35.59497833251953
Ghana_1995,34.7596549987793
Ghana_2000,35.03722381591797
Ghana_2005,26.80667304992676
Ghana_2010,27.368284225463867
Ghana_2011,28.211698532104492
Ghana_2012,28.89742660522461
Ghana_2013,27.815340042114254
Ghana_2014,25.88952255249023
Ghana_2015,34.68190002441406
Ghana_2016,36.252655029296875
Ghana_2017,34.7135124206543
Greece_1990,20.642969131469727
Greece_1995,19.82827377319336
Greece_2000,19.918607711791992
Greece_2005,19.308103561401367
Greece_2010,19.06108856201172
Greece_2011,20.001541137695313
Greece_2012,18.42076873779297
Greece_2013,17.779417037963867
Greece_2014,17.365041732788086
Greece_2015,17.740556716918945
Greece_2016,16.328920364379883
Greece_2017,16.218265533447266
Greenland_1990,15.07685089111328
Greenland_1995,15.157519340515137
Greenland_2000,13.95706272125244
Greenland_2005,13.768933296203612
Greenland_2010,13.922324180603027
Greenland_2011,14.09660530090332
Greenland_2012,13.40669059753418
Greenland_2013,12.757967948913574
Greenland_2014,12.510547637939451
Greenland_2015,11.762039184570313
Greenland_2016,11.572504997253418
Greenland_2017,11.602179527282717
Grenada_1990,27.733057022094727
Grenada_1995,27.73430633544922
Grenada_2000,27.482900619506836
Grenada_2005,27.77715492248535
Grenada_2010,27.47290802001953
Grenada_2011,28.139514923095703
Grenada_2012,26.468917846679688
Grenada_2013,25.847307205200195
Grenada_2014,24.287031173706055
Grenada_2015,24.162782669067383
Grenada_2016,22.888690948486328
Grenada_2017,22.722686767578125
Guam_1990,11.816009521484377
Guam_1995,11.812917709350586
Guam_2000,14.314162254333496
Guam_2005,13.80854320526123
Guam_2010,13.888340950012209
Guam_2011,14.103532791137695
Guam_2012,13.242301940917969
Guam_2013,12.78879451751709
Guam_2014,12.022552490234377
Guam_2015,12.531783103942873
Guam_2016,11.65176773071289
Guam_2017,11.634407043457031
Guatemala_1990,29.51331901550293
Guatemala_1995,30.168352127075195
Guatemala_2000,31.06172752380371
Guatemala_2005,31.46465301513672
Guatemala_2010,29.982589721679688
Guatemala_2011,31.727331161499023
Guatemala_2012,29.886259078979492
Guatemala_2013,30.05682373046875
Guatemala_2014,26.527854919433594
Guatemala_2015,25.072725296020508
Guatemala_2016,23.797828674316406
Guatemala_2017,24.070648193359375
Guinea_1990,24.69337272644043
Guinea_1995,24.181432723999023
Guinea_2000,24.034873962402344
Guinea_2005,22.445125579833984
Guinea_2010,21.971027374267575
Guinea_2011,22.44536018371582
Guinea_2012,22.989965438842773
Guinea_2013,21.258562088012695
Guinea_2014,21.196672439575195
Guinea_2015,26.94288444519043
Guinea_2016,24.77771377563477
Guinea_2017,26.062490463256836
Guinea-Bissau_1990,30.58919334411621
Guinea-Bissau_1995,30.47041893005371
Guinea-Bissau_2000,30.456884384155273
Guinea-Bissau_2005,26.8405704498291
Guinea-Bissau_2010,26.83635902404785
Guinea-Bissau_2011,27.389440536499023
Guinea-Bissau_2012,27.09021759033203
Guinea-Bissau_2013,26.524208068847656
Guinea-Bissau_2014,26.94095993041992
Guinea-Bissau_2015,31.791271209716797
Guinea-Bissau_2016,29.585866928100582
Guinea-Bissau_2017,29.774702072143555
Guyana_1990,24.94626235961914
Guyana_1995,24.43404197692871
Guyana_2000,27.390953063964844
Guyana_2005,27.77781105041504
Guyana_2010,27.311864852905273
Guyana_2011,27.929424285888672
Guyana_2012,26.90129852294922
Guyana_2013,24.85550308227539
Guyana_2014,23.648265838623047
Guyana_2015,23.887882232666016
Guyana_2016,22.371498107910156
Guyana_2017,22.375574111938477
Haiti_1990,17.303722381591797
Haiti_1995,18.262939453125
Haiti_2000,17.7797908782959
Haiti_2005,17.461772918701172
Haiti_2010,17.795242309570313
Haiti_2011,18.757917404174805
Haiti_2012,17.48024559020996
Haiti_2013,16.767011642456055
Haiti_2014,16.262224197387695
Haiti_2015,15.540277481079102
Haiti_2016,15.086483001708984
Haiti_2017,15.019824028015137
High income_1990,16.642749786376953
High income_1995,16.228591918945313
High income_2000,16.20960235595703
High income_2005,16.325721740722656
High income_2010,16.67738151550293
High income_2011,16.96734046936035
High income_2012,16.087749481201172
High income_2013,15.887727737426758
High income_2014,14.993806838989258
High income_2015,15.825737953186035
High income_2016,14.528249740600586
High income_2017,14.693316459655762
Honduras_1990,27.112571716308594
Honduras_1995,27.808025360107425
Honduras_2000,27.571624755859375
Honduras_2005,28.079551696777344
Honduras_2010,26.882951736450195
Honduras_2011,28.900747299194336
Honduras_2012,27.4471492767334
Honduras_2013,27.68413543701172
Honduras_2014,23.161540985107425
Honduras_2015,22.40619659423828
Honduras_2016,21.086959838867188
Honduras_2017,20.62885093688965
Hungary_1990,21.839860916137695
Hungary_1995,20.017446517944336
Hungary_2000,18.981849670410156
Hungary_2005,19.466550827026367
Hungary_2010,19.13552474975586
Hungary_2011,19.360689163208008
Hungary_2012,17.52996063232422
Hungary_2013,17.231830596923828
Hungary_2014,16.31532859802246
Hungary_2015,17.23213005065918
Hungary_2016,15.885350227355955
Hungary_2017,15.926048278808594
Iceland_1990,8.43009090423584
Iceland_1995,8.171578407287598
Iceland_2000,7.954558372497559
Iceland_2005,7.842946529388428
Iceland_2010,7.856536865234375
Iceland_2011,8.098884582519531
Iceland_2012,7.3369293212890625
Iceland_2013,7.171206951141357
Iceland_2014,6.948896408081055
Iceland_2015,6.927968978881836
Iceland_2016,6.607654094696045
Iceland_2017,6.481147289276123
India_1990,81.29063415527344
India_1995,82.77130126953125
India_2000,84.16480255126953
India_2005,90.3264617919922
India_2010,95.7581787109375
India_2011,97.59938049316406
India_2012,88.16944122314453
India_2013,91.80479431152344
India_2014,89.62238311767578
India_2015,89.30333709716797
India_2016,89.67218017578125
India_2017,90.87320709228516
Indonesia_1990,18.052810668945313
Indonesia_1995,18.164766311645508
Indonesia_2000,17.877389907836914
Indonesia_2005,18.926637649536133
Indonesia_2010,18.169281005859375
Indonesia_2011,18.049652099609375
Indonesia_2012,18.170169830322266
Indonesia_2013,16.879180908203125
Indonesia_2014,16.454631805419922
Indonesia_2015,16.64027976989746
Indonesia_2016,16.384153366088867
Indonesia_2017,16.502653121948242
Iran_1990,38.071739196777344
Iran_1995,37.72776412963867
Iran_2000,38.41777801513672
Iran_2005,37.62776565551758
Iran_2010,38.6515007019043
Iran_2011,38.04969024658203
Iran_2012,38.54205322265625
Iran_2013,38.10109329223633
Iran_2014,38.109493255615234
Iran_2015,39.61053085327149
Iran_2016,38.84130096435547
Iran_2017,38.978759765625
Iraq_1990,63.71657180786133
Iraq_1995,63.26491928100586
Iraq_2000,62.45795822143555
Iraq_2005,62.85178756713867
Iraq_2010,68.7114028930664
Iraq_2011,66.36260986328125
Iraq_2012,66.84207916259766
Iraq_2013,63.802696228027344
Iraq_2014,56.56703186035156
Iraq_2015,66.2650375366211
Iraq_2016,63.954795837402344
Iraq_2017,61.636234283447266
Ireland_1990,10.405027389526367
Ireland_1995,10.14926052093506
Ireland_2000,10.137776374816896
Ireland_2005,9.922228813171388
Ireland_2010,9.976374626159668
Ireland_2011,10.285079002380373
Ireland_2012,9.52269172668457
Ireland_2013,9.3601531982421875
Ireland_2014,8.750521659851074
Ireland_2015,8.672473907470703
Ireland_2016,8.279163360595703
Ireland_2017,8.208577156066895
Israel_1990,24.810527801513672
Israel_1995,24.317306518554688
Israel_2000,24.503623962402344
Israel_2005,22.9827938079834
Israel_2010,24.019237518310547
Israel_2011,23.904685974121097
Israel_2012,23.038848876953125
Israel_2013,22.94633102416992
Israel_2014,22.059146881103516
Israel_2015,22.779783248901367
Israel_2016,20.765701293945313
Israel_2017,21.381101608276367
Italy_1990,21.31972885131836
Italy_1995,20.270069122314453
Italy_2000,19.777334213256836
Italy_2005,19.60087776184082
Italy_2010,19.025230407714844
Italy_2011,19.99426651000977
Italy_2012,18.105247497558594
Italy_2013,17.757722854614258
Italy_2014,17.769269943237305
Italy_2015,17.89144515991211
Italy_2016,16.490373611450195
Italy_2017,16.75071144104004
Jamaica_1990,15.953864097595217
Jamaica_1995,15.919053077697754
Jamaica_2000,15.893815994262695
Jamaica_2005,16.009632110595703
Jamaica_2010,16.09171485900879
Jamaica_2011,16.542499542236328
Jamaica_2012,15.460471153259276
Jamaica_2013,14.93139934539795
Jamaica_2014,14.074331283569336
Jamaica_2015,14.17665958404541
Jamaica_2016,13.395963668823242
Jamaica_2017,13.40415096282959
Japan_1990,14.416359901428224
Japan_1995,14.31252384185791
Japan_2000,14.20962619781494
Japan_2005,14.348666191101074
Japan_2010,14.142337799072266
Japan_2011,14.141031265258787
Japan_2012,13.12887191772461
Japan_2013,13.362558364868164
Japan_2014,12.58661651611328
Japan_2015,12.687459945678713
Japan_2016,11.62392234802246
Japan_2017,11.704777717590332
Jordan_1990,35.343116760253906
Jordan_1995,34.60586166381836
Jordan_2000,33.511444091796875
Jordan_2005,32.48283767700195
Jordan_2010,33.550567626953125
Jordan_2011,33.01726150512695
Jordan_2012,33.01693344116211
Jordan_2013,33.41761016845703
Jordan_2014,33.205421447753906
Jordan_2015,34.305450439453125
Jordan_2016,33.17661666870117
Jordan_2017,33.006080627441406
Kazakhstan_1990,16.87025260925293
Kazakhstan_1995,15.732687950134276
Kazakhstan_2000,15.944765090942385
Kazakhstan_2005,15.618640899658203
Kazakhstan_2010,15.914493560791016
Kazakhstan_2011,15.24383544921875
Kazakhstan_2012,14.481038093566896
Kazakhstan_2013,14.59856414794922
Kazakhstan_2014,13.749753952026367
Kazakhstan_2015,14.384801864624023
Kazakhstan_2016,13.08443832397461
Kazakhstan_2017,13.824288368225098
Kenya_1990,28.54755210876465
Kenya_1995,28.52077865600586
Kenya_2000,28.385498046875
Kenya_2005,27.477298736572266
Kenya_2010,28.154769897460938
Kenya_2011,28.66288375854492
Kenya_2012,29.37228012084961
Kenya_2013,28.93534469604492
Kenya_2014,28.949350357055664
Kenya_2015,28.536279678344727
Kenya_2016,28.58337783813477
Kenya_2017,28.5783748626709
Kiribati_1990,13.11509132385254
Kiribati_1995,13.428020477294922
Kiribati_2000,13.521965026855469
Kiribati_2005,13.345588684082031
Kiribati_2010,13.175041198730469
Kiribati_2011,13.358154296875
Kiribati_2012,12.594231605529783
Kiribati_2013,12.325297355651855
Kiribati_2014,11.393742561340332
Kiribati_2015,11.514318466186523
Kiribati_2016,10.53783893585205
Kiribati_2017,10.64085578918457
Kuwait_1990,60.55584716796875
Kuwait_1995,60.05729675292969
Kuwait_2000,61.48199462890625
Kuwait_2005,59.67398834228515
Kuwait_2010,62.74398040771485
Kuwait_2011,62.82540512084961
Kuwait_2012,64.07090759277344
Kuwait_2013,62.61130905151367
Kuwait_2014,55.623905181884766
Kuwait_2015,65.40607452392578
Kuwait_2016,60.84385299682617
Kuwait_2017,60.74515914916992
Kyrgyzstan_1990,26.156599044799805
Kyrgyzstan_1995,25.43575859069824
Kyrgyzstan_2000,27.080219268798828
Kyrgyzstan_2005,26.777441024780273
Kyrgyzstan_2010,27.2653865814209
Kyrgyzstan_2011,27.517602920532227
Kyrgyzstan_2012,25.489831924438477
Kyrgyzstan_2013,25.44035530090332
Kyrgyzstan_2014,23.29819107055664
Kyrgyzstan_2015,24.344736099243164
Kyrgyzstan_2016,23.195556640625
Kyrgyzstan_2017,22.737768173217773
Laos_1990,26.536298751831055
Laos_1995,27.09515953063965
Laos_2000,27.545066833496097
Laos_2005,30.170209884643555
Laos_2010,31.731996536254883
Laos_2011,29.669660568237305
Laos_2012,30.29741859436035
Laos_2013,30.25948905944824
Laos_2014,28.39017105102539
Laos_2015,26.139488220214844
Laos_2016,25.80101776123047
Laos_2017,25.109539031982425
Latin America and Caribbean_1990,19.608673095703125
Latin America and Caribbean_1995,19.983606338500977
Latin America and Caribbean_2000,20.80459213256836
Latin America and Caribbean_2005,21.06966209411621
Latin America and Caribbean_2010,21.05366325378418
Latin America and Caribbean_2011,21.50909996032715
Latin America and Caribbean_2012,20.440597534179688
Latin America and Caribbean_2013,19.76987648010254
Latin America and Caribbean_2014,18.391788482666016
Latin America and Caribbean_2015,17.75361442565918
Latin America and Caribbean_2016,16.699798583984375
Latin America and Caribbean_2017,16.70843505859375
Latvia_1990,19.023418426513672
Latvia_1995,17.31863021850586
Latvia_2000,16.719966888427734
Latvia_2005,16.855894088745117
Latvia_2010,17.11506462097168
Latvia_2011,16.572675704956055
Latvia_2012,15.598559379577637
Latvia_2013,14.884307861328123
Latvia_2014,14.879085540771484
Latvia_2015,13.968201637268066
Latvia_2016,13.447471618652344
Latvia_2017,13.426457405090332
Lebanon_1990,30.34220314025879
Lebanon_1995,29.8450927734375
Lebanon_2000,30.61420631408691
Lebanon_2005,30.024768829345703
Lebanon_2010,30.89212417602539
Lebanon_2011,30.069107055664063
Lebanon_2012,30.108051300048828
Lebanon_2013,30.588098526000977
Lebanon_2014,30.44456672668457
Lebanon_2015,31.22929573059082
Lebanon_2016,30.1718692779541
Lebanon_2017,30.621110916137695
Lesotho_1990,30.70374298095703
Lesotho_1995,31.661033630371097
Lesotho_2000,31.49014663696289
Lesotho_2005,30.098922729492188
Lesotho_2010,32.240596771240234
Lesotho_2011,31.3547420501709
Lesotho_2012,31.21324348449707
Lesotho_2013,32.14869689941406
Lesotho_2014,33.080101013183594
Lesotho_2015,30.88497734069824
Lesotho_2016,28.336833953857425
Lesotho_2017,28.028654098510746
Liberia_1990,17.123428344726563
Liberia_1995,17.17619514465332
Liberia_2000,17.253143310546875
Liberia_2005,16.02440643310547
Liberia_2010,15.249197006225586
Liberia_2011,16.147050857543945
Liberia_2012,16.2882080078125
Liberia_2013,15.382857322692873
Liberia_2014,14.942270278930664
Liberia_2015,18.212804794311523
Liberia_2016,17.886777877807617
Liberia_2017,17.984111785888672
Libya_1990,45.0634880065918
Libya_1995,46.71104049682617
Libya_2000,46.25517272949219
Libya_2005,47.126190185546875
Libya_2010,50.1472282409668
Libya_2011,44.63173294067383
Libya_2012,44.91136169433594
Libya_2013,49.279483795166016
Libya_2014,47.5012321472168
Libya_2015,51.53263854980469
Libya_2016,52.129207611083984
Libya_2017,54.25468063354492
Lithuania_1990,16.398101806640625
Lithuania_1995,15.000761032104492
Lithuania_2000,14.42813205718994
Lithuania_2005,14.46207046508789
Lithuania_2010,14.971064567565918
Lithuania_2011,14.509682655334473
Lithuania_2012,13.78452491760254
Lithuania_2013,12.981191635131836
Lithuania_2014,12.84519386291504
Lithuania_2015,12.455035209655762
Lithuania_2016,11.821615219116213
Lithuania_2017,11.85328197479248
Low and middle income_1990,50.81916427612305
Low and middle income_1995,51.369441986083984
Low and middle income_2000,52.375709533691406
Low and middle income_2005,55.06820297241211
Low and middle income_2010,57.09500503540039
Low and middle income_2011,57.60694122314453
Low and middle income_2012,53.850242614746094
Low and middle income_2013,54.35286712646485
Low and middle income_2014,52.085899353027344
Low and middle income_2015,53.42578887939453
Low and middle income_2016,51.14860916137695
Low and middle income_2017,51.51258850097656
Low income_1990,42.22258758544922
Low income_1995,42.53187561035156
Low income_2000,42.08061599731445
Low income_2005,40.48748016357422
Low income_2010,40.197540283203125
Low income_2011,41.12166976928711
Low income_2012,41.44766616821289
Low income_2013,40.40669250488281
Low income_2014,39.384254455566406
Low income_2015,44.27626037597656
Low income_2016,43.018463134765625
Low income_2017,43.30572509765625
Lower middle income_1990,59.042388916015625
Lower middle income_1995,59.512168884277344
Lower middle income_2000,60.258567810058594
Lower middle income_2005,63.13447952270508
Lower middle income_2010,65.5545883178711
Lower middle income_2011,65.98172760009766
Lower middle income_2012,61.767059326171875
Lower middle income_2013,62.39400863647461
Lower middle income_2014,61.11412048339844
Lower middle income_2015,63.06246566772461
Lower middle income_2016,62.172603607177734
Lower middle income_2017,62.62095260620117
Luxembourg_1990,13.694461822509766
Luxembourg_1995,12.947626113891602
Luxembourg_2000,12.56956672668457
Luxembourg_2005,12.355535507202148
Luxembourg_2010,12.958784103393556
Luxembourg_2011,12.685996055603027
Luxembourg_2012,11.775575637817385
Luxembourg_2013,11.60538387298584
Luxembourg_2014,10.857613563537598
Luxembourg_2015,11.006654739379885
Luxembourg_2016,10.311981201171877
Luxembourg_2017,10.36463737487793
Madagascar_1990,22.2735595703125
Madagascar_1995,22.29494857788086
Madagascar_2000,21.872400283813477
Madagascar_2005,23.29406356811523
Madagascar_2010,22.662010192871097
Madagascar_2011,23.36285972595215
Madagascar_2012,22.7164249420166
Madagascar_2013,23.909162521362305
Madagascar_2014,23.51776695251465
Madagascar_2015,22.950401306152344
Madagascar_2016,22.895708084106445
Madagascar_2017,22.542282104492188
Malawi_1990,26.46902847290039
Malawi_1995,26.38950538635254
Malawi_2000,26.142086029052734
Malawi_2005,25.627405166625977
Malawi_2010,25.696197509765625
Malawi_2011,25.165008544921875
Malawi_2012,25.738401412963867
Malawi_2013,24.68347930908203
Malawi_2014,25.19822883605957
Malawi_2015,24.537429809570313
Malawi_2016,23.092615127563477
Malawi_2017,23.565921783447266
Malaysia_1990,17.294448852539063
Malaysia_1995,17.682531356811523
Malaysia_2000,18.076169967651367
Malaysia_2005,19.37781143188477
Malaysia_2010,18.593753814697266
Malaysia_2011,19.202608108520508
Malaysia_2012,19.182222366333008
Malaysia_2013,17.554447174072266
Malaysia_2014,16.923154830932617
Malaysia_2015,17.44091033935547
Malaysia_2016,15.751286506652832
Malaysia_2017,16.035808563232422
Maldives_1990,11.4329195022583
Maldives_1995,11.509395599365234
Maldives_2000,11.089532852172852
Maldives_2005,11.435359001159668
Maldives_2010,11.309829711914063
Maldives_2011,11.789634704589844
Maldives_2012,11.157482147216797
Maldives_2013,10.569679260253906
Maldives_2014,9.921231269836426
Maldives_2015,9.373944282531738
Maldives_2016,7.972428798675537
Maldives_2017,7.795820713043213
Mali_1990,41.52876663208008
Mali_1995,40.572479248046875
Mali_2000,39.80005645751953
Mali_2005,37.84408187866211
Mali_2010,36.39765930175781
Mali_2011,35.14164352416992
Mali_2012,34.700225830078125
Mali_2013,32.30682373046875
Mali_2014,33.916114807128906
Mali_2015,41.92692947387695
Mali_2016,38.48039627075195
Mali_2017,38.526607513427734
Malta_1990,16.854869842529297
Malta_1995,16.661745071411133
Malta_2000,16.53494644165039
Malta_2005,16.10447883605957
Malta_2010,16.449399948120117
Malta_2011,16.644304275512695
Malta_2012,15.397160530090332
Malta_2013,15.281944274902344
Malta_2014,14.43540382385254
Malta_2015,14.72246265411377
Malta_2016,13.811394691467283
Malta_2017,13.90954303741455
Marshall Islands_1990,13.063594818115234
Marshall Islands_1995,13.33839988708496
Marshall Islands_2000,13.043412208557127
Marshall Islands_2005,12.926919937133787
Marshall Islands_2010,12.94670867919922
Marshall Islands_2011,12.932170867919922
Marshall Islands_2012,12.123533248901367
Marshall Islands_2013,11.874388694763184
Marshall Islands_2014,11.070219993591309
Marshall Islands_2015,10.837668418884276
Marshall Islands_2016,10.152002334594728
Marshall Islands_2017,10.241332054138184
Mauritania_1990,50.068321228027344
Mauritania_1995,48.41496276855469
Mauritania_2000,48.860252380371094
Mauritania_2005,41.87260055541992
Mauritania_2010,39.637413024902344
Mauritania_2011,40.04314422607422
Mauritania_2012,42.34351348876953
Mauritania_2013,40.215789794921875
Mauritania_2014,43.110782623291016
Mauritania_2015,49.49825668334961
Mauritania_2016,46.66758728027344
Mauritania_2017,47.42299270629883
Mauritius_1990,15.772930145263672
Mauritius_1995,15.756579399108888
Mauritius_2000,15.398037910461426
Mauritius_2005,15.537249565124512
Mauritius_2010,15.194772720336914
Mauritius_2011,15.201702117919922
Mauritius_2012,15.245856285095217
Mauritius_2013,15.55617618560791
Mauritius_2014,15.292648315429688
Mauritius_2015,14.44195556640625
Mauritius_2016,14.346379280090332
Mauritius_2017,14.4578275680542
Mexico_1990,23.516557693481445
Mexico_1995,24.13661003112793
Mexico_2000,26.77918243408203
Mexico_2005,26.86289978027344
Mexico_2010,26.36543846130371
Mexico_2011,27.741296768188477
Mexico_2012,25.981658935546875
Mexico_2013,25.44908905029297
Mexico_2014,23.099689483642575
Mexico_2015,22.13299560546875
Mexico_2016,20.70682907104492
Mexico_2017,20.92111587524414
Micronesia_1990,14.010982513427734
Micronesia_1995,14.070062637329102
Micronesia_2000,14.124484062194824
Micronesia_2005,14.006300926208496
Micronesia_2010,13.749245643615724
Micronesia_2011,13.73165225982666
Micronesia_2012,12.974438667297363
Micronesia_2013,12.742515563964844
Micronesia_2014,11.86686897277832
Micronesia_2015,11.725984573364258
Micronesia_2016,11.13451099395752
Micronesia_2017,11.28339958190918
Middle East and North Africa_1990,50.21142578125
Middle East and North Africa_1995,49.45882797241211
Middle East and North Africa_2000,50.41402816772461
Middle East and North Africa_2005,49.824127197265625
Middle East and North Africa_2010,51.81085968017578
Middle East and North Africa_2011,50.26054763793945
Middle East and North Africa_2012,51.06016159057617
Middle East and North Africa_2013,51.9404411315918
Middle East and North Africa_2014,50.52293014526367
Middle East and North Africa_2015,57.018341064453125
Middle East and North Africa_2016,55.8067512512207
Middle East and North Africa_2017,55.667964935302734
Middle income_1990,51.450103759765625
Middle income_1995,52.06183242797851
Middle income_2000,53.2370719909668
Middle income_2005,56.39054107666016
Middle income_2010,58.75699234008789
Middle income_2011,59.251949310302734
Middle income_2012,55.104793548583984
Middle income_2013,55.78244400024414
Middle income_2014,53.40554428100586
Middle income_2015,54.3896598815918
Middle income_2016,52.01735305786133
Middle income_2017,52.40227127075195
Moldova_1990,22.84505271911621
Moldova_1995,20.890161514282227
Moldova_2000,19.581100463867188
Moldova_2005,19.144521713256836
Moldova_2010,19.11610412597656
Moldova_2011,19.924867630004883
Moldova_2012,18.409284591674805
Moldova_2013,17.43239974975586
Moldova_2014,16.72646141052246
Moldova_2015,17.079139709472656
Moldova_2016,16.363798141479492
Moldova_2017,16.25103187561035
Mongolia_1990,37.9155387878418
Mongolia_1995,36.83717727661133
Mongolia_2000,39.032527923583984
Mongolia_2005,39.72640609741211
Mongolia_2010,43.30465316772461
Mongolia_2011,45.36016845703125
Mongolia_2012,42.65437316894531
Mongolia_2013,42.321311950683594
Mongolia_2014,39.29513931274414
Mongolia_2015,42.5146484375
Mongolia_2016,38.22281646728515
Mongolia_2017,40.112850189208984
Montenegro_1990,28.59908866882324
Montenegro_1995,27.80047607421875
Montenegro_2000,26.001245498657227
Montenegro_2005,25.56279182434082
Montenegro_2010,25.05540657043457
Montenegro_2011,26.62922477722168
Montenegro_2012,24.6803035736084
Montenegro_2013,23.27422523498535
Montenegro_2014,21.947052001953125
Montenegro_2015,22.559690475463867
Montenegro_2016,20.92405128479004
Montenegro_2017,20.78181266784668
Morocco_1990,30.255491256713867
Morocco_1995,30.42096519470215
Morocco_2000,30.967449188232425
Morocco_2005,30.96781349182129
Morocco_2010,29.64896011352539
Morocco_2011,29.266563415527344
Morocco_2012,27.790283203125
Morocco_2013,29.259519577026367
Morocco_2014,29.94944953918457
Morocco_2015,31.440086364746097
Morocco_2016,32.93537521362305
Morocco_2017,32.59354019165039
Mozambique_1990,23.382858276367188
Mozambique_1995,22.796581268310547
Mozambique_2000,22.68627166748047
Mozambique_2005,22.663230895996097
Mozambique_2010,23.56146812438965
Mozambique_2011,22.609071731567383
Mozambique_2012,22.86760139465332
Mozambique_2013,22.636159896850582
Mozambique_2014,22.614164352416992
Mozambique_2015,21.905881881713867
Mozambique_2016,21.471824645996097
Mozambique_2017,21.298694610595703
Myanmar_1990,39.80947494506836
Myanmar_1995,40.765254974365234
Myanmar_2000,39.36165237426758
Myanmar_2005,43.32145309448242
Myanmar_2010,44.056114196777344
Myanmar_2011,43.619903564453125
Myanmar_2012,42.52281188964844
Myanmar_2013,42.882869720458984
Myanmar_2014,40.28896713256836
Myanmar_2015,38.5137825012207
Myanmar_2016,36.0337028503418
Myanmar_2017,35.55745315551758
Namibia_1990,28.74979019165039
Namibia_1995,27.497596740722656
Namibia_2000,27.433818817138672
Namibia_2005,27.619760513305664
Namibia_2010,27.659896850585938
Namibia_2011,27.010154724121097
Namibia_2012,26.798707962036133
Namibia_2013,27.09281539916992
Namibia_2014,26.01812171936035
Namibia_2015,26.910017013549805
Namibia_2016,25.552141189575195
Namibia_2017,25.3587646484375
Nepal_1990,87.59845733642578
Nepal_1995,90.687164306640625
Nepal_2000,88.943023681640625
Nepal_2005,93.21824645996094
Nepal_2010,100.78443145751952
Nepal_2011,100.76605987548828
Nepal_2012,96.96329498291016
Nepal_2013,95.3139877319336
Nepal_2014,98.11602020263672
Nepal_2015,96.25276947021484
Nepal_2016,98.0547103881836
Nepal_2017,99.734375
Netherlands_1990,16.469402313232422
Netherlands_1995,15.561695098876951
Netherlands_2000,14.928680419921877
Netherlands_2005,14.578018188476563
Netherlands_2010,15.232430458068848
Netherlands_2011,14.98813819885254
Netherlands_2012,13.812414169311523
Netherlands_2013,13.043145179748535
Netherlands_2014,12.828797340393066
Netherlands_2015,12.93210506439209
Netherlands_2016,12.025242805480955
Netherlands_2017,12.03440761566162
New Zealand_1990,7.143831253051758
New Zealand_1995,7.204397201538086
New Zealand_2000,7.162288665771484
New Zealand_2005,7.037087440490723
New Zealand_2010,7.152865886688232
New Zealand_2011,7.420696258544922
New Zealand_2012,6.8358354568481445
New Zealand_2013,6.781885623931885
New Zealand_2014,6.357903480529785
New Zealand_2015,6.3304338455200195
New Zealand_2016,5.987363338470459
New Zealand_2017,5.956001281738281
Nicaragua_1990,22.600160598754883
Nicaragua_1995,22.347902297973633
Nicaragua_2000,23.053407669067383
Nicaragua_2005,23.029436111450195
Nicaragua_2010,22.49226951599121
Nicaragua_2011,22.479520797729492
Nicaragua_2012,22.352710723876953
Nicaragua_2013,21.929075241088867
Nicaragua_2014,19.38772201538086
Nicaragua_2015,18.56913185119629
Nicaragua_2016,17.72772979736328
Nicaragua_2017,17.614179611206055
Niger_1990,90.59636688232422
Niger_1995,88.63159942626953
Niger_2000,87.50675964355469
Niger_2005,73.43849182128906
Niger_2010,69.150177001953125
Niger_2011,72.9827651977539
Niger_2012,72.544647216796875
Niger_2013,63.031715393066406
Niger_2014,60.541358947753906
Niger_2015,87.281280517578125
Niger_2016,87.7084732055664
Niger_2017,94.05381774902344
Nigeria_1990,72.12557220458984
Nigeria_1995,68.71003723144531
Nigeria_2000,67.55432891845703
Nigeria_2005,59.65813827514648
Nigeria_2010,52.60906219482422
Nigeria_2011,50.97309112548828
Nigeria_2012,56.129638671875
Nigeria_2013,49.74068832397461
Nigeria_2014,48.63337326049805
Nigeria_2015,75.39899444580078
Nigeria_2016,71.369598388671875
Nigeria_2017,71.79817199707031
North America_1990,9.554770469665527
North America_1995,9.421870231628418
North America_2000,9.404172897338867
North America_2005,9.50123119354248
North America_2010,9.263171195983888
North America_2011,9.63081169128418
North America_2012,8.9149017333984375
North America_2013,8.64144229888916
North America_2014,8.14222526550293
North America_2015,7.973349571228027
North America_2016,7.321048259735107
North America_2017,7.311074733734131
North Korea_1990,38.45306396484375
North Korea_1995,38.35749053955078
North Korea_2000,38.16205596923828
North Korea_2005,39.0947151184082
North Korea_2010,39.342655181884766
North Korea_2011,38.893367767333984
North Korea_2012,36.40751266479492
North Korea_2013,37.134857177734375
North Korea_2014,35.24021530151367
North Korea_2015,37.41178512573242
North Korea_2016,31.758424758911133
North Korea_2017,32.007450103759766
North Macedonia_1990,41.87047576904297
North Macedonia_1995,39.93756103515625
North Macedonia_2000,36.398216247558594
North Macedonia_2005,35.6330451965332
North Macedonia_2010,34.45697021484375
North Macedonia_2011,38.0831184387207
North Macedonia_2012,34.657814025878906
North Macedonia_2013,32.01504898071289
North Macedonia_2014,31.79054069519043
North Macedonia_2015,31.975988388061523
North Macedonia_2016,29.59326934814453
North Macedonia_2017,29.72694396972656
Northern Mariana Islands_1990,11.41490077972412
Northern Mariana Islands_1995,11.409985542297363
Northern Mariana Islands_2000,12.181241989135742
Northern Mariana Islands_2005,11.86877155303955
Northern Mariana Islands_2010,11.92638111114502
Northern Mariana Islands_2011,12.199626922607422
Northern Mariana Islands_2012,11.439995765686035
Northern Mariana Islands_2013,10.965020179748535
Northern Mariana Islands_2014,10.313471794128418
Northern Mariana Islands_2015,10.397711753845217
Northern Mariana Islands_2016,9.91775608062744
Northern Mariana Islands_2017,9.89298152923584
Norway_1990,8.995380401611328
Norway_1995,8.793261528015137
Norway_2000,8.668866157531738
Norway_2005,8.359490394592285
Norway_2010,8.3415069580078125
Norway_2011,8.853510856628418
Norway_2012,7.925281047821045
Norway_2013,7.633674621582031
Norway_2014,7.670896053314209
Norway_2015,7.242775440216064
Norway_2016,6.9594573974609375
Norway_2017,6.956519603729248
Oman_1990,40.187644958496094
Oman_1995,39.602691650390625
Oman_2000,39.85528945922851
Oman_2005,39.6552734375
Oman_2010,37.51533508300781
Oman_2011,39.10379409790039
Oman_2012,40.73328399658203
Oman_2013,41.05276870727539
Oman_2014,37.710880279541016
Oman_2015,42.62759017944336
Oman_2016,41.78219223022461
Oman_2017,41.115238189697266
Pakistan_1990,60.334659576416016
Pakistan_1995,61.432865142822266
Pakistan_2000,61.10602569580078
Pakistan_2005,63.37843704223633
Pakistan_2010,68.00518798828125
Pakistan_2011,68.54493713378906
Pakistan_2012,62.37664794921875
Pakistan_2013,61.02216339111328
Pakistan_2014,59.51836395263672
Pakistan_2015,60.08589172363281
Pakistan_2016,58.63276290893555
Pakistan_2017,58.28241729736328
Palestine_1990,34.22574996948242
Palestine_1995,34.16200256347656
Palestine_2000,33.85375213623047
Palestine_2005,31.97449493408203
Palestine_2010,33.006675720214844
Palestine_2011,32.873313903808594
Palestine_2012,32.76945877075195
Palestine_2013,33.49296188354492
Palestine_2014,33.44828414916992
Palestine_2015,33.89141082763672
Palestine_2016,32.742069244384766
Palestine_2017,33.22563171386719
Panama_1990,13.127545356750488
Panama_1995,13.206170082092283
Panama_2000,14.383014678955078
Panama_2005,14.115315437316896
Panama_2010,14.13891887664795
Panama_2011,14.296038627624512
Panama_2012,13.972366333007813
Panama_2013,13.397870063781738
Panama_2014,12.921615600585938
Panama_2015,12.49074363708496
Panama_2016,11.465547561645508
Panama_2017,11.400053977966309
Papua New Guinea_1990,15.126299858093262
Papua New Guinea_1995,14.637449264526367
Papua New Guinea_2000,14.75156307220459
Papua New Guinea_2005,14.524239540100098
Papua New Guinea_2010,14.94135856628418
Papua New Guinea_2011,15.519033432006836
Papua New Guinea_2012,14.60653305053711
Papua New Guinea_2013,13.952628135681152
Papua New Guinea_2014,13.245298385620115
Papua New Guinea_2015,13.261726379394531
Papua New Guinea_2016,12.615056037902832
Papua New Guinea_2017,12.294418334960938
Paraguay_1990,14.023616790771484
Paraguay_1995,14.288268089294434
Paraguay_2000,14.213086128234863
Paraguay_2005,15.130470275878906
Paraguay_2010,15.102923393249512
Paraguay_2011,14.598118782043455
Paraguay_2012,13.9483060836792
Paraguay_2013,12.926568984985352
Paraguay_2014,12.641075134277344
Paraguay_2015,13.038074493408203
Paraguay_2016,11.649322509765623
Paraguay_2017,11.909080505371094
Peru_1990,28.520938873291016
Peru_1995,29.50529670715332
Peru_2000,30.273662567138672
Peru_2005,32.29922866821289
Peru_2010,31.502574920654297
Peru_2011,31.571165084838867
Peru_2012,30.494455337524418
Peru_2013,29.743085861206055
Peru_2014,27.582672119140625
Peru_2015,26.037267684936523
Peru_2016,25.54274559020996
Peru_2017,24.78672790527344
Philippines_1990,22.11603546142578
Philippines_1995,21.970218658447266
Philippines_2000,22.20389747619629
Philippines_2005,22.81857109069824
Philippines_2010,23.592315673828125
Philippines_2011,22.75483512878418
Philippines_2012,22.549583435058594
Philippines_2013,21.21628761291504
Philippines_2014,20.259586334228516
Philippines_2015,19.58154296875
Philippines_2016,18.2269287109375
Philippines_2017,18.069799423217773
Poland_1990,30.19942855834961
Poland_1995,27.891828536987305
Poland_2000,25.822185516357425
Poland_2005,26.15121841430664
Poland_2010,27.17650032043457
Poland_2011,26.37250709533691
Poland_2012,24.26397705078125
Poland_2013,22.92872428894043
Poland_2014,22.210891723632813
Poland_2015,22.69131851196289
Poland_2016,20.975767135620117
Poland_2017,20.87782287597656
Portugal_1990,10.140530586242676
Portugal_1995,10.084593772888184
Portugal_2000,10.123692512512209
Portugal_2005,10.449707984924316
Portugal_2010,10.076887130737305
Portugal_2011,10.355012893676758
Portugal_2012,9.484803199768066
Portugal_2013,9.43204402923584
Portugal_2014,8.78479290008545
Portugal_2015,8.823283195495605
Portugal_2016,8.052763938903809
Portugal_2017,8.160752296447754
Puerto Rico_1990,8.238191604614258
Puerto Rico_1995,8.233421325683594
Puerto Rico_2000,10.436002731323242
Puerto Rico_2005,10.39992618560791
Puerto Rico_2010,10.37254810333252
Puerto Rico_2011,10.579405784606934
Puerto Rico_2012,9.9662446975708
Puerto Rico_2013,9.703754425048828
Puerto Rico_2014,9.089227676391602
Puerto Rico_2015,8.920909881591797
Puerto Rico_2016,8.34287166595459
Puerto Rico_2017,8.34903335571289
Qatar_1990,91.63639068603516
Qatar_1995,89.993499755859375
Qatar_2000,83.53533172607422
Qatar_2005,85.32646942138672
Qatar_2010,84.1229019165039
Qatar_2011,81.27300262451172
Qatar_2012,89.2469711303711
Qatar_2013,88.89051818847656
Qatar_2014,78.83283996582031
Qatar_2015,94.40389251708984
Qatar_2016,88.22245025634766
Qatar_2017,91.18732452392578
Romania_1990,20.319263458251953
Romania_1995,18.57241439819336
Romania_2000,17.696741104125977
Romania_2005,17.15777587890625
Romania_2010,17.06214714050293
Romania_2011,17.636754989624023
Romania_2012,16.315845489501953
Romania_2013,15.369309425354004
Romania_2014,15.006495475769045
Romania_2015,15.433555603027344
Romania_2016,14.537062644958496
Romania_2017,14.611340522766112
Russia_1990,21.22334671020508
Russia_1995,19.87333297729492
Russia_2000,19.05403709411621
Russia_2005,18.995216369628903
Russia_2010,19.480310440063477
Russia_2011,19.191511154174805
Russia_2012,18.304338455200195
Russia_2013,17.79507064819336
Russia_2014,16.582162857055664
Russia_2015,17.01919174194336
Russia_2016,16.219890594482422
Russia_2017,16.16022300720215
Rwanda_1990,45.52701187133789
Rwanda_1995,44.05491638183594
Rwanda_2000,43.481689453125
Rwanda_2005,42.691184997558594
Rwanda_2010,41.44091033935547
Rwanda_2011,42.68095779418945
Rwanda_2012,44.56089782714844
Rwanda_2013,44.41158676147461
Rwanda_2014,42.21148681640625
Rwanda_2015,42.6144905090332
Rwanda_2016,42.84380340576172
Rwanda_2017,43.2102165222168
Saint Lucia_1990,26.711984634399418
Saint Lucia_1995,26.849882125854492
Saint Lucia_2000,27.096132278442383
Saint Lucia_2005,26.98484992980957
Saint Lucia_2010,27.63597297668457
Saint Lucia_2011,28.07865524291992
Saint Lucia_2012,26.36748504638672
Saint Lucia_2013,25.444801330566406
Saint Lucia_2014,24.236303329467773
Saint Lucia_2015,24.283239364624023
Saint Lucia_2016,22.3533992767334
Saint Lucia_2017,22.40081787109375
Saint Vincent and the Grenadines_1990,27.164539337158203
Saint Vincent and the Grenadines_1995,27.16265869140625
Saint Vincent and the Grenadines_2000,26.957931518554688
Saint Vincent and the Grenadines_2005,27.06413459777832
Saint Vincent and the Grenadines_2010,26.396657943725582
Saint Vincent and the Grenadines_2011,27.582809448242188
Saint Vincent and the Grenadines_2012,25.754077911376953
Saint Vincent and the Grenadines_2013,24.76218032836914
Saint Vincent and the Grenadines_2014,23.03093147277832
Saint Vincent and the Grenadines_2015,23.47317123413086
Saint Vincent and the Grenadines_2016,22.07655143737793
Saint Vincent and the Grenadines_2017,22.200515747070313
Samoa_1990,14.311249732971191
Samoa_1995,14.296988487243652
Samoa_2000,14.320470809936523
Samoa_2005,14.20545768737793
Samoa_2010,14.288093566894531
Samoa_2011,14.693096160888672
Samoa_2012,13.62788200378418
Samoa_2013,13.382521629333496
Samoa_2014,12.643560409545898
Samoa_2015,12.321795463562012
Samoa_2016,11.36629867553711
Samoa_2017,11.54802703857422
Sao Tome and Principe_1990,30.449045181274418
Sao Tome and Principe_1995,30.314516067504883
Sao Tome and Principe_2000,30.311901092529297
Sao Tome and Principe_2005,29.334394454956055
Sao Tome and Principe_2010,27.12662124633789
Sao Tome and Principe_2011,27.86024475097656
Sao Tome and Principe_2012,25.915843963623047
Sao Tome and Principe_2013,27.65881729125977
Sao Tome and Principe_2014,27.862302780151367
Sao Tome and Principe_2015,28.432092666625977
Sao Tome and Principe_2016,28.66653823852539
Sao Tome and Principe_2017,28.53958511352539
Saudi Arabia_1990,70.57306671142578
Saudi Arabia_1995,72.5849380493164
Saudi Arabia_2000,79.07552337646484
Saudi Arabia_2005,76.42244720458984
Saudi Arabia_2010,81.69918060302734
Saudi Arabia_2011,82.41902923583984
Saudi Arabia_2012,85.5133056640625
Saudi Arabia_2013,83.63098907470703
Saudi Arabia_2014,75.60844421386719
Saudi Arabia_2015,97.43228912353516
Saudi Arabia_2016,84.46577453613281
Saudi Arabia_2017,87.94544982910156
Senegal_1990,41.016502380371094
Senegal_1995,41.70807647705078
Senegal_2000,41.35304641723633
Senegal_2005,35.54505920410156
Senegal_2010,34.985382080078125
Senegal_2011,35.93539810180664
Senegal_2012,36.167755126953125
Senegal_2013,34.018226623535156
Senegal_2014,36.82683944702149
Senegal_2015,44.34080123901367
Senegal_2016,38.6949462890625
Senegal_2017,40.69582748413086
Serbia_1990,31.41516494750977
Serbia_1995,29.792953491210938
Serbia_2000,29.223970413208008
Serbia_2005,29.68541717529297
Serbia_2010,29.100589752197266
Serbia_2011,31.034027099609375
Serbia_2012,28.58474922180176
Serbia_2013,27.4307861328125
Serbia_2014,26.49207305908203
Serbia_2015,26.95437812805176
Serbia_2016,24.780622482299805
Serbia_2017,24.72635841369629
Seychelles_1990,21.797359466552734
Seychelles_1995,21.768375396728516
Seychelles_2000,21.647520065307617
Seychelles_2005,21.77301025390625
Seychelles_2010,21.09126853942871
Seychelles_2011,21.6103572845459
Seychelles_2012,21.49533462524414
Seychelles_2013,20.969736099243164
Seychelles_2014,20.970518112182617
Seychelles_2015,20.0535945892334
Seychelles_2016,20.403823852539063
Seychelles_2017,20.17864990234375
Sierra Leone_1990,20.732646942138672
Sierra Leone_1995,20.13938331604004
Sierra Leone_2000,20.50687026977539
Sierra Leone_2005,19.312509536743164
Sierra Leone_2010,18.528888702392575
Sierra Leone_2011,18.74315643310547
Sierra Leone_2012,20.101293563842773
Sierra Leone_2013,18.435667037963867
Sierra Leone_2014,17.698232650756836
Sierra Leone_2015,22.52859878540039
Sierra Leone_2016,21.34393310546875
Sierra Leone_2017,21.625946044921875
Singapore_1990,18.7242431640625
Singapore_1995,18.755014419555664
Singapore_2000,19.323184967041016
Singapore_2005,20.801313400268555
Singapore_2010,20.609460830688477
Singapore_2011,19.34942054748535
Singapore_2012,20.886493682861328
Singapore_2013,18.70707130432129
Singapore_2014,17.408876419067383
Singapore_2015,20.663389205932617
Singapore_2016,18.797801971435547
Singapore_2017,19.078256607055664
Slovakia_1990,24.95343589782715
Slovakia_1995,22.81060791015625
Slovakia_2000,21.7239990234375
Slovakia_2005,21.94342041015625
Slovakia_2010,21.69021987915039
Slovakia_2011,21.76719856262207
Slovakia_2012,19.76493263244629
Slovakia_2013,19.315492630004883
Slovakia_2014,18.304182052612305
Slovakia_2015,18.80264663696289
Slovakia_2016,17.353662490844727
Slovakia_2017,17.562911987304688
Slovenia_1990,22.271148681640625
Slovenia_1995,20.88141441345215
Slovenia_2000,19.13404655456543
Slovenia_2005,19.422842025756836
Slovenia_2010,18.681655883789063
Slovenia_2011,19.514137268066406
Slovenia_2012,17.67007827758789
Slovenia_2013,17.571378707885742
Slovenia_2014,16.632699966430664
Slovenia_2015,17.12815284729004
Slovenia_2016,15.912736892700195
Slovenia_2017,16.02397918701172
Solomon Islands_1990,13.761735916137695
Solomon Islands_1995,13.098753929138184
Solomon Islands_2000,13.866954803466797
Solomon Islands_2005,14.178723335266112
Solomon Islands_2010,14.374255180358888
Solomon Islands_2011,14.375372886657717
Solomon Islands_2012,13.430245399475098
Solomon Islands_2013,12.553255081176758
Solomon Islands_2014,12.172030448913574
Solomon Islands_2015,12.699695587158203
Solomon Islands_2016,11.830689430236816
Solomon Islands_2017,11.879121780395508
Somalia_1990,31.735984802246097
Somalia_1995,29.901111602783203
Somalia_2000,31.385990142822266
Somalia_2005,29.721803665161133
Somalia_2010,29.000185012817383
Somalia_2011,31.23015594482422
Somalia_2012,31.58710479736328
Somalia_2013,29.551572799682617
Somalia_2014,30.40108108520508
Somalia_2015,32.01839065551758
Somalia_2016,31.751745223999023
Somalia_2017,32.034584045410156
South Africa_1990,26.120203018188477
South Africa_1995,26.28537368774414
South Africa_2000,26.673799514770508
South Africa_2005,26.322877883911133
South Africa_2010,27.138586044311523
South Africa_2011,26.557872772216797
South Africa_2012,26.57708740234375
South Africa_2013,26.72926139831543
South Africa_2014,26.722211837768555
South Africa_2015,26.112972259521484
South Africa_2016,25.14041519165039
South Africa_2017,25.102205276489254
South Asia_1990,76.6194076538086
South Asia_1995,77.85356903076172
South Asia_2000,78.907501220703125
South Asia_2005,84.3309097290039
South Asia_2010,89.16764831542969
South Asia_2011,90.5694808959961
South Asia_2012,82.73168182373047
South Asia_2013,84.69029998779297
South Asia_2014,83.06719970703125
South Asia_2015,82.7248764038086
South Asia_2016,81.9811019897461
South Asia_2017,82.86934661865234
South Korea_1990,29.33102226257324
South Korea_1995,29.520631790161133
South Korea_2000,29.76546859741211
South Korea_2005,30.406904220581055
South Korea_2010,29.80200958251953
South Korea_2011,29.68119430541992
South Korea_2012,27.915952682495117
South Korea_2013,29.461917877197266
South Korea_2014,27.213109970092773
South Korea_2015,28.214242935180664
South Korea_2016,25.098541259765625
South Korea_2017,25.03942489624023
South Sudan_1990,46.23936080932617
South Sudan_1995,45.37858200073242
South Sudan_2000,44.10158920288086
South Sudan_2005,44.39170455932617
South Sudan_2010,43.225341796875
South Sudan_2011,45.101470947265625
South Sudan_2012,43.97406005859375
South Sudan_2013,42.64200210571289
South Sudan_2014,41.90055847167969
South Sudan_2015,47.76803207397461
South Sudan_2016,44.84657287597656
South Sudan_2017,45.57750701904297
Spain_1990,12.211322784423828
Spain_1995,11.945395469665527
Spain_2000,11.774209022521973
Spain_2005,11.569025039672852
Spain_2010,11.349328994750977
Spain_2011,12.03799819946289
Spain_2012,11.149622917175291
Spain_2013,10.742582321166992
Spain_2014,10.074588775634766
Spain_2015,10.449102401733398
Spain_2016,9.70413875579834
Spain_2017,9.697927474975586
Sri Lanka_1990,29.76850318908691
Sri Lanka_1995,30.186073303222656
Sri Lanka_2000,30.855762481689453
Sri Lanka_2005,30.95673561096191
Sri Lanka_2010,31.033781051635746
Sri Lanka_2011,31.232074737548828
Sri Lanka_2012,30.083972930908203
Sri Lanka_2013,28.89822769165039
Sri Lanka_2014,26.92277717590332
Sri Lanka_2015,25.337343215942383
Sri Lanka_2016,14.025444984436035
Sri Lanka_2017,11.099617004394531
Sub-Saharan Africa_1990,44.018917083740234
Sub-Saharan Africa_1995,43.113861083984375
Sub-Saharan Africa_2000,42.7870979309082
Sub-Saharan Africa_2005,39.82891845703125
Sub-Saharan Africa_2010,38.2126350402832
Sub-Saharan Africa_2011,38.3612174987793
Sub-Saharan Africa_2012,39.829811096191406
Sub-Saharan Africa_2013,37.91720962524414
Sub-Saharan Africa_2014,37.23258590698242
Sub-Saharan Africa_2015,45.67066955566406
Sub-Saharan Africa_2016,44.36847305297851
Sub-Saharan Africa_2017,44.61314392089844
Sudan_1990,51.14362716674805
Sudan_1995,52.38815689086914
Sudan_2000,49.428077697753906
Sudan_2005,50.17543029785156
Sudan_2010,47.262054443359375
Sudan_2011,51.15242767333984
Sudan_2012,49.68593978881836
Sudan_2013,48.02814483642578
Sudan_2014,48.14174270629883
Sudan_2015,58.90478515625
Sudan_2016,54.14727783203125
Sudan_2017,55.37083435058594
Suriname_1990,29.993099212646484
Suriname_1995,30.04112434387207
Suriname_2000,29.02589225769043
Suriname_2005,29.97570419311523
Suriname_2010,29.83188819885254
Suriname_2011,31.038721084594727
Suriname_2012,29.133609771728516
Suriname_2013,28.80831718444824
Suriname_2014,25.99884796142578
Suriname_2015,25.973283767700195
Suriname_2016,25.316978454589844
Suriname_2017,24.780010223388672
Sweden_1990,7.9475321769714355
Sweden_1995,7.575328350067139
Sweden_2000,7.578009128570557
Sweden_2005,7.165820121765137
Sweden_2010,7.20975923538208
Sweden_2011,7.391221523284912
Sweden_2012,6.627942085266113
Sweden_2013,6.431169033050537
Sweden_2014,6.959197521209717
Sweden_2015,6.322498321533203
Sweden_2016,6.114258289337158
Sweden_2017,6.184665203094482
Switzerland_1990,14.22837257385254
Switzerland_1995,13.370560646057127
Switzerland_2000,12.69076442718506
Switzerland_2005,12.86181640625
Switzerland_2010,12.922219276428224
Switzerland_2011,13.04922103881836
Switzerland_2012,12.261387825012209
Switzerland_2013,11.82005500793457
Switzerland_2014,11.38910675048828
Switzerland_2015,11.165254592895508
Switzerland_2016,10.34263038635254
Switzerland_2017,10.303099632263184
Syria_1990,46.71794509887695
Syria_1995,44.62346649169922
Syria_2000,41.556304931640625
Syria_2005,39.941749572753906
Syria_2010,42.657684326171875
Syria_2011,41.12495422363281
Syria_2012,41.01683807373047
Syria_2013,41.91496658325195
Syria_2014,41.534481048583984
Syria_2015,44.313907623291016
Syria_2016,43.70255279541016
Syria_2017,43.75725936889648
Tajikistan_1990,50.98789978027344
Tajikistan_1995,51.60683059692383
Tajikistan_2000,51.18266296386719
Tajikistan_2005,49.339351654052734
Tajikistan_2010,50.405418395996094
Tajikistan_2011,54.31996154785156
Tajikistan_2012,48.98960494995117
Tajikistan_2013,49.55313873291016
Tajikistan_2014,46.48082733154297
Tajikistan_2015,47.792972564697266
Tajikistan_2016,43.377708435058594
Tajikistan_2017,46.15218353271485
Tanzania_1990,29.86164665222168
Tanzania_1995,28.80842399597168
Tanzania_2000,28.973697662353516
Tanzania_2005,29.573835372924805
Tanzania_2010,28.607532501220703
Tanzania_2011,28.728769302368164
Tanzania_2012,29.96984481811523
Tanzania_2013,29.35963249206543
Tanzania_2014,28.873716354370117
Tanzania_2015,28.240447998046875
Tanzania_2016,28.44356918334961
Tanzania_2017,29.076641082763672
Thailand_1990,30.831621170043945
Thailand_1995,30.939716339111328
Thailand_2000,30.960351943969727
Thailand_2005,31.80703353881836
Thailand_2010,31.565399169921875
Thailand_2011,31.609628677368164
Thailand_2012,31.525314331054688
Thailand_2013,31.174724578857425
Thailand_2014,29.364641189575195
Thailand_2015,27.344566345214844
Thailand_2016,26.258054733276367
Thailand_2017,26.25672721862793
Timor-Leste_1990,23.05657958984375
Timor-Leste_1995,23.255992889404297
Timor-Leste_2000,23.501296997070313
Timor-Leste_2005,23.25316047668457
Timor-Leste_2010,23.492395401000977
Timor-Leste_2011,23.7567195892334
Timor-Leste_2012,22.466623306274418
Timor-Leste_2013,21.964622497558594
Timor-Leste_2014,20.45009994506836
Timor-Leste_2015,20.623186111450195
Timor-Leste_2016,20.017902374267575
Timor-Leste_2017,19.25720977783203
Togo_1990,38.11479187011719
Togo_1995,37.7016487121582
Togo_2000,37.68585586547851
Togo_2005,31.39154624938965
Togo_2010,30.522945404052734
Togo_2011,30.854806900024418
Togo_2012,31.36920928955078
Togo_2013,29.565927505493164
Togo_2014,28.936290740966797
Togo_2015,38.35681915283203
Togo_2016,37.05110549926758
Togo_2017,35.7313346862793
Tonga_1990,13.16782283782959
Tonga_1995,13.30625057220459
Tonga_2000,12.798571586608888
Tonga_2005,13.179139137268066
Tonga_2010,13.53194808959961
Tonga_2011,13.517087936401367
Tonga_2012,12.43817138671875
Tonga_2013,12.147713661193848
Tonga_2014,12.057640075683594
Tonga_2015,11.312968254089355
Tonga_2016,10.951423645019531
Tonga_2017,10.785478591918944
Trinidad and Tobago_1990,28.87598991394043
Trinidad and Tobago_1995,29.460783004760746
Trinidad and Tobago_2000,28.7940616607666
Trinidad and Tobago_2005,29.525936126708984
Trinidad and Tobago_2010,28.704185485839844
Trinidad and Tobago_2011,29.851625442504883
Trinidad and Tobago_2012,27.9425048828125
Trinidad and Tobago_2013,27.15873908996582
Trinidad and Tobago_2014,24.85584259033203
Trinidad and Tobago_2015,24.8980770111084
Trinidad and Tobago_2016,24.230480194091797
Trinidad and Tobago_2017,24.10856819152832
Tunisia_1990,35.94963455200195
Tunisia_1995,35.940879821777344
Tunisia_2000,35.6025276184082
Tunisia_2005,33.55744934082031
Tunisia_2010,35.54549026489258
Tunisia_2011,33.868350982666016
Tunisia_2012,32.8158073425293
Tunisia_2013,35.654144287109375
Tunisia_2014,34.69205856323242
Tunisia_2015,36.30424880981445
Tunisia_2016,38.45048904418945
Tunisia_2017,37.6559944152832
Turkey_1990,42.59882354736328
Turkey_1995,41.97206115722656
Turkey_2000,42.69252395629883
Turkey_2005,41.2020149230957
Turkey_2010,43.82122802734375
Turkey_2011,40.545108795166016
Turkey_2012,41.92091751098633
Turkey_2013,42.06258392333984
Turkey_2014,42.59577178955078
Turkey_2015,45.401554107666016
Turkey_2016,44.482757568359375
Turkey_2017,44.311527252197266
Turkmenistan_1990,25.30134391784668
Turkmenistan_1995,25.370969772338867
Turkmenistan_2000,25.471555709838867
Turkmenistan_2005,23.85405731201172
Turkmenistan_2010,24.851829528808594
Turkmenistan_2011,25.4960994720459
Turkmenistan_2012,23.80200958251953
Turkmenistan_2013,23.72188949584961
Turkmenistan_2014,22.08490753173828
Turkmenistan_2015,22.970539093017575
Turkmenistan_2016,21.74112319946289
Turkmenistan_2017,21.76772117614746
Uganda_1990,47.87483978271485
Uganda_1995,48.34343719482422
Uganda_2000,46.028907775878906
Uganda_2005,45.9461669921875
Uganda_2010,44.758697509765625
Uganda_2011,47.0611686706543
Uganda_2012,49.62672805786133
Uganda_2013,47.72115707397461
Uganda_2014,46.93056869506836
Uganda_2015,48.94935989379883
Uganda_2016,51.94410705566406
Uganda_2017,50.49431991577149
Ukraine_1990,28.309547424316406
Ukraine_1995,25.88673210144043
Ukraine_2000,24.157913208007813
Ukraine_2005,23.922204971313477
Ukraine_2010,23.52265739440918
Ukraine_2011,23.97110366821289
Ukraine_2012,22.328792572021484
Ukraine_2013,21.532400131225582
Ukraine_2014,20.486894607543945
Ukraine_2015,21.2464542388916
Ukraine_2016,20.618186950683594
Ukraine_2017,20.309776306152344
United Arab Emirates_1990,39.82462692260742
United Arab Emirates_1995,39.77842712402344
United Arab Emirates_2000,39.69879913330078
United Arab Emirates_2005,38.98906326293945
United Arab Emirates_2010,38.98006820678711
United Arab Emirates_2011,39.19343185424805
United Arab Emirates_2012,39.27712631225586
United Arab Emirates_2013,39.608154296875
United Arab Emirates_2014,37.983421325683594
United Arab Emirates_2015,42.334991455078125
United Arab Emirates_2016,40.52210235595703
United Arab Emirates_2017,40.917510986328125
United Kingdom_1990,13.508186340332031
United Kingdom_1995,13.005444526672363
United Kingdom_2000,12.618228912353516
United Kingdom_2005,12.537897109985352
United Kingdom_2010,12.299108505249023
United Kingdom_2011,12.84799861907959
United Kingdom_2012,11.814495086669922
United Kingdom_2013,11.618901252746582
United Kingdom_2014,10.800559997558594
United Kingdom_2015,10.754873275756836
United Kingdom_2016,10.504667282104492
United Kingdom_2017,10.47269058227539
United States_1990,9.701666831970217
United States_1995,9.566391944885254
United States_2000,9.525137901306152
United States_2005,9.609824180603027
United States_2010,9.358636856079102
United States_2011,9.740640640258787
United States_2012,9.00316333770752
United States_2013,8.734777450561523
United States_2014,8.220720291137695
United States_2015,8.063920021057129
United States_2016,7.406464099884033
United States_2017,7.409441471099853
United States Virgin Islands_1990,10.2992525100708
United States Virgin Islands_1995,10.295467376708984
United States Virgin Islands_2000,12.85075569152832
United States Virgin Islands_2005,12.760080337524414
United States Virgin Islands_2010,12.752099990844728
United States Virgin Islands_2011,12.993738174438477
United States Virgin Islands_2012,12.23312282562256
United States Virgin Islands_2013,11.95551300048828
United States Virgin Islands_2014,11.165816307067873
United States Virgin Islands_2015,11.02889633178711
United States Virgin Islands_2016,10.264842987060549
United States Virgin Islands_2017,10.26531219482422
Upper middle income_1990,43.6259880065918
Upper middle income_1995,44.05805206298828
Upper middle income_2000,45.366851806640625
Upper middle income_2005,48.4749641418457
Upper middle income_2010,50.41101837158203
Upper middle income_2011,50.92295837402344
Upper middle income_2012,46.803409576416016
Upper middle income_2013,47.489383697509766
Upper middle income_2014,43.67171096801758
Upper middle income_2015,43.36198043823242
Upper middle income_2016,39.01467514038086
Upper middle income_2017,39.23002243041992
Uruguay_1990,10.870699882507324
Uruguay_1995,10.743856430053713
Uruguay_2000,11.367082595825195
Uruguay_2005,10.918424606323242
Uruguay_2010,11.027055740356444
Uruguay_2011,11.468731880187988
Uruguay_2012,10.567294120788574
Uruguay_2013,10.455605506896973
Uruguay_2014,9.9268159866333
Uruguay_2015,9.659454345703123
Uruguay_2016,9.19744110107422
Uruguay_2017,9.274883270263672
Uzbekistan_1990,35.9025764465332
Uzbekistan_1995,34.7875862121582
Uzbekistan_2000,31.93634605407715
Uzbekistan_2005,31.53029441833496
Uzbekistan_2010,32.07745361328125
Uzbekistan_2011,33.99383544921875
Uzbekistan_2012,31.662105560302734
Uzbekistan_2013,30.805192947387695
Uzbekistan_2014,28.900035858154297
Uzbekistan_2015,30.394330978393555
Uzbekistan_2016,27.81434631347656
Uzbekistan_2017,28.455902099609375
Vanuatu_1990,13.670550346374512
Vanuatu_1995,13.52147388458252
Vanuatu_2000,14.066546440124512
Vanuatu_2005,14.189769744873049
Vanuatu_2010,14.129512786865234
Vanuatu_2011,14.382964134216309
Vanuatu_2012,13.24245262145996
Vanuatu_2013,12.740693092346191
Vanuatu_2014,11.93385124206543
Vanuatu_2015,12.15721035003662
Vanuatu_2016,11.590909004211426
Vanuatu_2017,11.652776718139648
Venezuela_1990,21.4571590423584
Venezuela_1995,21.27096366882324
Venezuela_2000,21.61028289794922
Venezuela_2005,22.369260787963867
Venezuela_2010,21.68286895751953
Venezuela_2011,22.03310775756836
Venezuela_2012,21.2457275390625
Venezuela_2013,20.4289493560791
Venezuela_2014,19.104061126708984
Venezuela_2015,18.30300521850586
Venezuela_2016,16.767993927001953
Venezuela_2017,17.008554458618164
Vietnam_1990,35.9284782409668
Vietnam_1995,36.01681137084961
Vietnam_2000,36.23884582519531
Vietnam_2005,37.74959182739258
Vietnam_2010,39.36539840698242
Vietnam_2011,38.48697662353515
Vietnam_2012,37.22745132446289
Vietnam_2013,36.835906982421875
Vietnam_2014,34.89601516723633
Vietnam_2015,32.4664421081543
Vietnam_2016,30.24131202697754
Vietnam_2017,29.626728057861328
World_1990,44.26161575317383
World_1995,44.881874084472656
World_2000,45.93539810180664
World_2005,48.36383056640625
World_2010,50.25201416015625
World_2011,50.77349090576172
World_2012,47.54097366333008
World_2013,47.9619255065918
World_2014,45.95833587646485
World_2015,47.24492645263672
World_2016,45.165184020996094
World_2017,45.538047790527344
Yemen_1990,48.86372756958008
Yemen_1995,50.02771759033203
Yemen_2000,50.8679313659668
Yemen_2005,45.144805908203125
Yemen_2010,45.979469299316406
Yemen_2011,50.83528900146485
Yemen_2012,51.43445587158203
Yemen_2013,52.998443603515625
Yemen_2014,48.338653564453125
Yemen_2015,54.26028823852539
Yemen_2016,50.12762451171875
Yemen_2017,50.45600509643555
Zambia_1990,32.76484680175781
Zambia_1995,30.908466339111328
Zambia_2000,30.898204803466797
Zambia_2005,28.94705581665039
Zambia_2010,28.83637809753418
Zambia_2011,28.98711585998535
Zambia_2012,29.74203872680664
Zambia_2013,29.112220764160156
Zambia_2014,28.49325180053711
Zambia_2015,28.375452041625977
Zambia_2016,27.35567283630371
Zambia_2017,27.438034057617188
Zimbabwe_1990,23.319908142089844
Zimbabwe_1995,22.726268768310547
Zimbabwe_2000,23.126373291015625
Zimbabwe_2005,23.314741134643555
Zimbabwe_2010,23.23147964477539
Zimbabwe_2011,23.0742130279541
Zimbabwe_2012,23.198097229003903
Zimbabwe_2013,23.111087799072266
Zimbabwe_2014,22.80595016479492
Zimbabwe_2015,21.73370933532715
Zimbabwe_2016,21.726947784423828
Zimbabwe_2017,22.251670837402344
