dmu,Life Ladder
Afghanistan_2008,3.723589897
Afghanistan_2009,4.401778221
Afghanistan_2010,4.75838089
Afghanistan_2011,3.83171916
Afghanistan_2012,3.782937527
Afghanistan_2013,3.572100401
Afghanistan_2014,3.130895615
Afghanistan_2015,3.982854605
Afghanistan_2016,4.220168591
Afghanistan_2017,2.66171813
Afghanistan_2018,2.694303274
Afghanistan_2019,2.375091791
Afghanistan_2021,2.436034441
Albania_2007,4.634251595
Albania_2009,5.485469818
Albania_2010,5.268936634
Albania_2011,5.867421627
Albania_2012,5.510124207
Albania_2013,4.550647736
Albania_2014,4.813763142
Albania_2015,4.606650829
Albania_2016,4.511100769
Albania_2017,4.639548302
Albania_2018,5.004402637
Albania_2019,4.995317936
Albania_2020,5.364909649
Albania_2021,5.25548172
Algeria_2010,5.46356678
Algeria_2011,5.317194462
Algeria_2012,5.604595661
Algeria_2014,6.354898453
Algeria_2016,5.340853691
Algeria_2017,5.248912334
Algeria_2018,5.043086052
Algeria_2019,4.744627476
Algeria_2020,5.437755108
Algeria_2021,5.217017651
Angola_2011,5.589000702
Angola_2012,4.360249996
Angola_2013,3.937106848
Angola_2014,3.794837952
Argentina_2006,6.312925339
Argentina_2007,6.073158264
Argentina_2008,5.961034298
Argentina_2009,6.424133301
Argentina_2010,6.441067219
Argentina_2011,6.775805473
Argentina_2012,6.468387127
Argentina_2013,6.582260132
Argentina_2014,6.671114445
Argentina_2015,6.69713068
Argentina_2016,6.427221298
Argentina_2017,6.039330006
Argentina_2018,5.792796612
Argentina_2019,6.085560799
Argentina_2020,5.900567055
Argentina_2021,5.908278942
Armenia_2006,4.289310932
Armenia_2007,4.881515503
Armenia_2008,4.651972294
Armenia_2009,4.177581787
Armenia_2010,4.367811203
Armenia_2011,4.260491371
Armenia_2012,4.319711685
Armenia_2013,4.277191162
Armenia_2014,4.453083038
Armenia_2015,4.34831953
Armenia_2016,4.325471878
Armenia_2017,4.287736416
Armenia_2018,5.062448502
Armenia_2019,5.4880867
Armenia_2021,5.300568581
Australia_2005,7.340688229
Australia_2007,7.285390854
Australia_2008,7.253757477
Australia_2010,7.450047016
Australia_2011,7.405616283
Australia_2012,7.195585728
Australia_2013,7.364169121
Australia_2014,7.288550377
Australia_2015,7.309060574
Australia_2016,7.250080109
Australia_2017,7.25703764
Australia_2018,7.17699337
Australia_2019,7.233994961
Australia_2020,7.137367725
Australia_2021,7.111598969
Austria_2006,7.122211456
Austria_2008,7.180953979
Austria_2010,7.302678585
Austria_2011,7.470512867
Austria_2012,7.400688648
Austria_2013,7.498802662
Austria_2014,6.949999809
Austria_2015,7.07644701
Austria_2016,7.048071861
Austria_2017,7.293727875
Austria_2018,7.396001816
Austria_2019,7.195361137
Austria_2020,7.213489056
Austria_2021,7.079640865
Azerbaijan_2006,4.727870941
Azerbaijan_2007,4.56815958
Azerbaijan_2008,4.817189217
Azerbaijan_2009,4.573725224
Azerbaijan_2010,4.218610764
Azerbaijan_2011,4.680469513
Azerbaijan_2012,4.910771847
Azerbaijan_2013,5.481178284
Azerbaijan_2014,5.25153017
Azerbaijan_2015,5.146774769
Azerbaijan_2016,5.3038949969999996
Azerbaijan_2017,5.152279377
Azerbaijan_2018,5.167995453
Azerbaijan_2019,5.173389435
Bahrain_2009,5.700523376
Bahrain_2010,5.936869144
Bahrain_2011,4.82397604
Bahrain_2012,5.027186871
Bahrain_2013,6.689711094
Bahrain_2014,6.165133953
Bahrain_2015,6.00737524
Bahrain_2016,6.169673443
Bahrain_2017,6.227320671
Bahrain_2019,7.098012447
Bahrain_2020,6.173175812
Bangladesh_2006,4.318909168
Bangladesh_2007,4.607322216
Bangladesh_2008,5.052278519
Bangladesh_2009,5.08285141
Bangladesh_2010,4.858481407
Bangladesh_2011,4.985649109
Bangladesh_2012,4.724443913
Bangladesh_2013,4.660161018
Bangladesh_2014,4.635564804
Bangladesh_2015,4.633473873
Bangladesh_2016,4.5561409
Bangladesh_2017,4.309771061
Bangladesh_2018,4.499217033
Bangladesh_2019,5.114216805
Bangladesh_2020,5.279986858
Belarus_2006,5.657649994
Belarus_2007,5.616976261
Belarus_2008,5.463332176
Belarus_2009,5.56413126
Belarus_2010,5.525923252
Belarus_2011,5.225307941
Belarus_2012,5.749043465
Belarus_2013,5.876466274
Belarus_2014,5.812400818
Belarus_2015,5.718907833
Belarus_2016,5.177899361
Belarus_2017,5.552915096
Belarus_2018,5.233769894
Belarus_2019,5.821453094
Belgium_2005,7.262290478
Belgium_2007,7.218839645
Belgium_2008,7.116590977
Belgium_2010,6.853514194
Belgium_2011,7.111363888
Belgium_2012,6.935122013
Belgium_2013,7.10366106
Belgium_2014,6.855329037
Belgium_2015,6.904219151
Belgium_2016,6.948936462
Belgium_2017,6.928347588
Belgium_2018,6.89217186
Belgium_2019,6.772138119
Belgium_2020,6.838760853
Belize_2007,6.450644493
Belize_2014,5.955646515
Benin_2006,3.329801559
Benin_2008,3.66713953
Benin_2011,3.870279551
Benin_2012,3.193468809
Benin_2013,3.479412794
Benin_2014,3.347419262
Benin_2015,3.624664307
Benin_2016,4.007357597
Benin_2017,4.8531808850000004
Benin_2018,5.81982708
Benin_2019,4.976360798
Benin_2020,4.407745838
Benin_2021,4.493431091
Bhutan_2013,5.569091797
Bhutan_2014,4.938578129
Bhutan_2015,5.082128525
Bolivia_2006,5.373986244
Bolivia_2007,5.628419399
Bolivia_2008,5.297872543
Bolivia_2009,6.085579395
Bolivia_2010,5.780620098
Bolivia_2011,5.778874397
Bolivia_2012,6.018894672
Bolivia_2013,5.767428875
Bolivia_2014,5.864798546
Bolivia_2015,5.834329128
Bolivia_2016,5.769723415
Bolivia_2017,5.65055275
Bolivia_2018,5.915734291
Bolivia_2019,5.67427063
Bolivia_2020,5.559258938
Bolivia_2021,5.56862402
Bosnia and Herzegovina_2007,4.899806976
Bosnia and Herzegovina_2009,4.963477135
Bosnia and Herzegovina_2010,4.66851759
Bosnia and Herzegovina_2011,4.994670868
Bosnia and Herzegovina_2012,4.773144722
Bosnia and Herzegovina_2013,5.123664379
Bosnia and Herzegovina_2014,5.248954296
Bosnia and Herzegovina_2015,5.117177963
Bosnia and Herzegovina_2016,5.180865288
Bosnia and Herzegovina_2017,5.089902401
Bosnia and Herzegovina_2018,5.887401104
Bosnia and Herzegovina_2019,6.01552248
Bosnia and Herzegovina_2020,5.515816212
Bosnia and Herzegovina_2021,5.748823166
Botswana_2006,4.739367008
Botswana_2008,5.451147079
Botswana_2010,3.553020239
Botswana_2011,3.519921064
Botswana_2012,4.835938931
Botswana_2013,4.128298759
Botswana_2014,4.031197071
Botswana_2015,3.761964798
Botswana_2016,3.498936653
Botswana_2017,3.504881144
Botswana_2018,3.4613657
Botswana_2019,3.471084833
Brazil_2005,6.636771202
Brazil_2007,6.320672989
Brazil_2008,6.691424847
Brazil_2009,7.000831604
Brazil_2010,6.837331295
Brazil_2011,7.037816525
Brazil_2012,6.660003662
Brazil_2013,7.140282631
Brazil_2014,6.980998993
Brazil_2015,6.546896935
Brazil_2016,6.374817371
Brazil_2017,6.332929134
Brazil_2018,6.190921783
Brazil_2019,6.451148987
Brazil_2020,6.109717846
Brazil_2021,6.009953499
Bulgaria_2007,3.843797922
Bulgaria_2010,3.912276268
Bulgaria_2011,3.875382423
Bulgaria_2012,4.222297192
Bulgaria_2013,3.993020535
Bulgaria_2014,4.438439846
Bulgaria_2015,4.865401268
Bulgaria_2016,4.837560654
Bulgaria_2017,5.096901894
Bulgaria_2018,5.098813534
Bulgaria_2019,5.108438015
Bulgaria_2020,5.597723007
Bulgaria_2021,5.421693325
Burkina Faso_2006,3.801490784
Burkina Faso_2007,4.017130375
Burkina Faso_2008,3.846438885
Burkina Faso_2010,4.035560608
Burkina Faso_2011,4.785367489
Burkina Faso_2012,3.95500803
Burkina Faso_2013,3.325949669
Burkina Faso_2014,3.481347799
Burkina Faso_2015,4.418930054
Burkina Faso_2016,4.205634594
Burkina Faso_2017,4.646891117
Burkina Faso_2018,4.92723608
Burkina Faso_2019,4.740892887
Burkina Faso_2020,4.639639854
Burkina Faso_2021,4.635508537
Burundi_2008,3.563227654
Burundi_2009,3.791680813
Burundi_2011,3.705894232
Burundi_2014,2.904535055
Burundi_2018,3.775283098
Cambodia_2006,3.568744659
Cambodia_2007,4.15597105
Cambodia_2008,4.462163925
Cambodia_2009,4.110625744
Cambodia_2010,4.141072273
Cambodia_2011,4.161225319
Cambodia_2012,3.898706913
Cambodia_2013,3.674466848
Cambodia_2014,3.88330555
Cambodia_2015,4.162164688
Cambodia_2016,4.461259365
Cambodia_2017,4.585842133
Cambodia_2018,5.121837616
Cambodia_2019,4.998284817
Cambodia_2020,4.376985073
Cambodia_2021,4.555141449
Cameroon_2006,3.851072073
Cameroon_2007,4.349939346
Cameroon_2008,4.291800499
Cameroon_2009,4.741408348
Cameroon_2010,4.554256916
Cameroon_2011,4.433885098
Cameroon_2012,4.244634151
Cameroon_2013,4.271038055
Cameroon_2014,4.240441322
Cameroon_2015,5.037964821
Cameroon_2016,4.816232204
Cameroon_2017,5.07405138
Cameroon_2018,5.250737667
Cameroon_2019,4.936737537
Cameroon_2020,5.2410779
Cameroon_2021,4.962747574
Canada_2005,7.418048382
Canada_2007,7.481752872
Canada_2008,7.485603809
Canada_2009,7.48782444
Canada_2010,7.650346279
Canada_2011,7.426053524
Canada_2012,7.415144444
Canada_2013,7.593793869
Canada_2014,7.30425787
Canada_2015,7.412772655
Canada_2016,7.244845867
Canada_2017,7.414868355
Canada_2018,7.175496578
Canada_2019,7.1090765
Canada_2020,7.024904728
Canada_2021,6.939435482
Central African Republic_2007,4.160129547
Central African Republic_2010,3.567892551
Central African Republic_2011,3.677826405
Central African Republic_2016,2.693061113
Central African Republic_2017,3.475862026
Chad_2006,3.434800625
Chad_2007,4.141326904
Chad_2008,4.632468224
Chad_2009,3.639445066
Chad_2010,3.742871046
Chad_2011,4.393482208
Chad_2012,4.03297472
Chad_2013,3.507663012
Chad_2014,3.460182905
Chad_2015,4.322675228
Chad_2016,4.029350281
Chad_2017,4.558937073
Chad_2018,4.486325264
Chad_2019,4.250799179
Chile_2006,6.062851906
Chile_2007,5.697929859
Chile_2008,5.789438725
Chile_2009,6.493686199
Chile_2010,6.63565588
Chile_2011,6.526334763
Chile_2012,6.599128723
Chile_2013,6.74015379
Chile_2014,6.844238281
Chile_2015,6.532749653
Chile_2016,6.579056263
Chile_2017,6.320119381
Chile_2018,6.436220646
Chile_2019,5.942250252
Chile_2020,6.150642872
Chile_2021,6.435630798
China_2006,4.560495377
China_2007,4.86286211
China_2008,4.84629488
China_2009,4.454360962
China_2010,4.652736664
China_2011,5.037207603
China_2012,5.094917297
China_2013,5.241090298
China_2014,5.195619106
China_2015,5.303877831
China_2016,5.32495594
China_2017,5.099061489
China_2018,5.131433964
China_2019,5.144120216
China_2020,5.771064758
China_2021,5.862864494
Colombia_2006,6.024942875
Colombia_2007,6.138411522
Colombia_2008,6.168395042
Colombia_2009,6.271604538
Colombia_2010,6.40811348
Colombia_2011,6.463952541
Colombia_2012,6.374879837
Colombia_2013,6.606550694
Colombia_2014,6.44878912
Colombia_2015,6.387571812
Colombia_2016,6.233715057
Colombia_2017,6.157341957
Colombia_2018,5.983512402
Colombia_2019,6.350297928
Colombia_2020,5.70917511
Colombia_2021,5.289958477
Comoros_2009,3.47602725
Comoros_2010,3.81219101
Comoros_2011,3.838485956
Comoros_2012,3.955640316
Comoros_2018,3.972819567
Comoros_2019,4.608616352
Congo_2008,3.819792271
Congo_2011,4.509824276
Congo_2012,3.919341803
Congo_2013,3.954950571
Congo_2014,4.05601263
Congo_2015,4.690830231
Congo_2016,4.119493484
Congo_2017,4.883991241
Congo_2018,5.490214348
Congo_2019,5.2126226429999996
Congo_2020,5.079139233
Congo_2021,4.920531273
Democratic Republic of Congo_2009,3.983848572
Democratic Republic of Congo_2011,4.516963959
Democratic Republic of Congo_2012,4.63922739
Democratic Republic of Congo_2013,4.497477055
Democratic Republic of Congo_2014,4.414299965
Democratic Republic of Congo_2015,3.902741671
Democratic Republic of Congo_2016,4.521935463
Democratic Republic of Congo_2017,4.311033249
Costa Rica_2006,7.082465172
Costa Rica_2007,7.432132244
Costa Rica_2008,6.850679874
Costa Rica_2009,7.614928722
Costa Rica_2010,7.271053791
Costa Rica_2011,7.228888512
Costa Rica_2012,7.272250175
Costa Rica_2013,7.158000469
Costa Rica_2014,7.247086048
Costa Rica_2015,6.854004383
Costa Rica_2016,7.135617733
Costa Rica_2017,7.22518158
Costa Rica_2018,7.141074657
Costa Rica_2019,6.997618675
Costa Rica_2020,6.338472366
Costa Rica_2021,6.408448219
Croatia_2007,5.820907593
Croatia_2009,5.433319569
Croatia_2010,5.595575333
Croatia_2011,5.385372639
Croatia_2012,6.027634621
Croatia_2013,5.885462761
Croatia_2014,5.380692482
Croatia_2015,5.205438137
Croatia_2016,5.416875362
Croatia_2017,5.343165874
Croatia_2018,5.536271095
Croatia_2019,5.625743866
Croatia_2020,6.507992268
Croatia_2021,6.286790371
Cuba_2006,5.417868614
Cyprus_2006,6.237958431
Cyprus_2009,6.833477497
Cyprus_2010,6.386546135
Cyprus_2011,6.689608574
Cyprus_2012,6.180507183
Cyprus_2013,5.438952446
Cyprus_2014,5.627123833
Cyprus_2015,5.439161301
Cyprus_2016,5.794618607
Cyprus_2017,6.062051296
Cyprus_2018,6.276443005
Cyprus_2019,6.136832714
Cyprus_2020,6.259810448
Cyprus_2021,6.269202232
Czechia_2005,6.439256668
Czechia_2007,6.500194073
Czechia_2010,6.249617577
Czechia_2011,6.331490993
Czechia_2012,6.334149361
Czechia_2013,6.697655678
Czechia_2014,6.483729839
Czechia_2015,6.608017445
Czechia_2016,6.735627174
Czechia_2017,6.789567947
Czechia_2018,7.034165382
Czechia_2020,6.897091389
Czechia_2021,6.942496777
Denmark_2005,8.01893425
Denmark_2007,7.834233284
Denmark_2008,7.970891953
Denmark_2009,7.683358669
Denmark_2010,7.770515442
Denmark_2011,7.78823185
Denmark_2012,7.519909382
Denmark_2013,7.588606834
Denmark_2014,7.507559299
Denmark_2015,7.514424801
Denmark_2016,7.55778265
Denmark_2017,7.593702316
Denmark_2018,7.648785591
Denmark_2019,7.693003178
Denmark_2020,7.514631271
Denmark_2021,7.698747158
Djibouti_2008,5.009330273
Djibouti_2009,4.905925274
Djibouti_2010,5.005810738
Djibouti_2011,4.369193554
Dominican Republic_2006,5.087967873
Dominican Republic_2007,5.081305981
Dominican Republic_2008,4.84230566
Dominican Republic_2009,5.431613922
Dominican Republic_2010,4.735021114
Dominican Republic_2011,5.396535397
Dominican Republic_2012,4.753311157
Dominican Republic_2013,5.015515327
Dominican Republic_2014,5.387331963
Dominican Republic_2015,5.061862469
Dominican Republic_2016,5.238698483
Dominican Republic_2017,5.605202675
Dominican Republic_2018,5.433215618
Dominican Republic_2019,6.004237175
Dominican Republic_2020,5.168409824
Dominican Republic_2021,6.030537128
Ecuador_2006,5.02419138
Ecuador_2007,4.995875359
Ecuador_2008,5.296513081
Ecuador_2009,6.021803379
Ecuador_2010,5.838051319
Ecuador_2011,5.795088291
Ecuador_2012,5.960716248
Ecuador_2013,6.019206047
Ecuador_2014,5.945851803
Ecuador_2015,5.964075089
Ecuador_2016,6.115437508
Ecuador_2017,5.839518547
Ecuador_2018,6.128010273
Ecuador_2019,5.809131145
Ecuador_2020,5.35446167
Ecuador_2021,5.43487215
Egypt_2005,5.167754173
Egypt_2007,5.540510654
Egypt_2008,4.631741047
Egypt_2009,5.066164494
Egypt_2010,4.668916225
Egypt_2011,4.174158573
Egypt_2012,4.204156876
Egypt_2013,3.558520317
Egypt_2014,4.885072708
Egypt_2015,4.762538433
Egypt_2016,4.556740761
Egypt_2017,3.929344177
Egypt_2018,4.005450726
Egypt_2019,4.327831745
Egypt_2020,4.472396851
Egypt_2021,4.025747776
El Salvador_2006,5.700929642
El Salvador_2007,5.295535088
El Salvador_2008,5.191493988
El Salvador_2009,6.839087009
El Salvador_2010,6.739911079
El Salvador_2011,4.741294861
El Salvador_2012,5.934371471
El Salvador_2013,6.325063229
El Salvador_2014,5.856523514
El Salvador_2015,6.018496037
El Salvador_2016,6.139824867
El Salvador_2017,6.339318275
El Salvador_2018,6.241199493
El Salvador_2019,6.454820633
El Salvador_2020,5.461926937
El Salvador_2021,6.431447029
Estonia_2006,5.371054649
Estonia_2007,5.332044125
Estonia_2008,5.451937675
Estonia_2009,5.137738705
Estonia_2011,5.486819744
Estonia_2012,5.363927841
Estonia_2013,5.367445946
Estonia_2014,5.55598259
Estonia_2015,5.628908634
Estonia_2016,5.649675369
Estonia_2017,5.938395977
Estonia_2018,6.091302395
Estonia_2019,6.034641266
Estonia_2020,6.452563763
Estonia_2021,6.553915501
Eswatini_2011,4.867091179
Eswatini_2018,4.211565018
Eswatini_2019,4.396114826
Ethiopia_2012,4.561168671
Ethiopia_2013,4.44482708
Ethiopia_2014,4.506646633
Ethiopia_2015,4.573154926
Ethiopia_2016,4.297848701
Ethiopia_2017,4.180315495
Ethiopia_2018,4.379262447
Ethiopia_2019,4.099555016
Ethiopia_2020,4.549219608
Finland_2006,7.672449112
Finland_2008,7.67062664
Finland_2010,7.393264294
Finland_2011,7.354225159
Finland_2012,7.420209408
Finland_2013,7.444635868
Finland_2014,7.384571075
Finland_2015,7.447925568
Finland_2016,7.659843445
Finland_2017,7.788251877
Finland_2018,7.85810709
Finland_2019,7.780347824
Finland_2020,7.889349937
Finland_2021,7.794377804
France_2005,7.093392849
France_2006,6.582700253
France_2008,7.008064747
France_2009,6.283498287
France_2010,6.797901154
France_2011,6.959185123
France_2012,6.649365425
France_2013,6.66712141
France_2014,6.466867924
France_2015,6.357625008
France_2016,6.475208759
France_2017,6.635222435
France_2018,6.665903568
France_2019,6.689644337
France_2020,6.714111805
France_2021,6.656206608
Gabon_2011,4.255400658
Gabon_2012,3.97205925
Gabon_2013,3.800287008
Gabon_2014,3.918073177
Gabon_2015,4.66101265
Gabon_2016,4.831764221
Gabon_2017,4.782382965
Gabon_2018,4.783009052
Gabon_2019,4.914393425
Gabon_2020,4.88654995
Gabon_2021,5.075422287
Gambia_2017,4.117938995
Gambia_2018,4.922099113
Gambia_2019,5.163627148
Georgia_2006,3.675108433
Georgia_2007,3.707194567
Georgia_2008,4.15609026
Georgia_2009,3.800639153
Georgia_2010,4.101837158
Georgia_2011,4.203030586
Georgia_2012,4.254445553
Georgia_2013,4.348920822
Georgia_2014,4.287508011
Georgia_2015,4.121940613
Georgia_2016,4.448386192
Georgia_2017,4.45077467
Georgia_2018,4.659097195
Georgia_2019,4.89183569
Georgia_2020,5.123143196
Georgia_2021,4.911273479
Germany_2005,6.619549751
Germany_2007,6.416819572
Germany_2008,6.521790028
Germany_2009,6.64149332
Germany_2010,6.724531174
Germany_2011,6.621312141
Germany_2012,6.702362061
Germany_2013,6.965125084
Germany_2014,6.984214306
Germany_2015,7.037137508
Germany_2016,6.873763084
Germany_2017,7.074324608
Germany_2018,7.118364334
Germany_2019,7.035472393
Germany_2020,7.311897755
Germany_2021,6.754523754
Ghana_2006,4.535019875
Ghana_2007,5.220148087
Ghana_2008,4.965134621
Ghana_2009,4.197695732
Ghana_2010,4.606251717
Ghana_2011,5.608199596
Ghana_2012,5.057261944
Ghana_2013,4.965053082
Ghana_2014,3.860351086
Ghana_2015,3.985916138
Ghana_2016,4.514411449
Ghana_2017,5.481310844
Ghana_2018,5.003693104
Ghana_2019,4.96680975
Ghana_2020,5.31948328
Ghana_2021,4.377950668
Greece_2005,6.006309986
Greece_2007,6.646961212
Greece_2009,6.038574696
Greece_2010,5.839558601
Greece_2011,5.372039795
Greece_2012,5.096354008
Greece_2013,4.720251083
Greece_2014,4.75623703
Greece_2015,5.622519016
Greece_2016,5.302619457
Greece_2017,5.14824152
Greece_2018,5.40928936
Greece_2019,5.952157497
Greece_2020,5.787615776
Greece_2021,6.104214191
Guatemala_2006,5.901429176
Guatemala_2007,6.329581261
Guatemala_2008,6.414494514
Guatemala_2009,6.451916218
Guatemala_2010,6.289748669
Guatemala_2011,5.743353844
Guatemala_2012,5.855717182
Guatemala_2013,5.984601498
Guatemala_2014,6.536030769
Guatemala_2015,6.464986801
Guatemala_2016,6.358916283
Guatemala_2017,6.325118542
Guatemala_2018,6.626591682
Guatemala_2019,6.262175083
Guinea_2011,4.044569492
Guinea_2012,3.651554823
Guinea_2013,3.901793003
Guinea_2014,3.4124825
Guinea_2015,3.504693508
Guinea_2016,3.602854729
Guinea_2017,4.873722553
Guinea_2018,5.25222683
Guinea_2019,4.76768446
Guinea_2020,4.972168446
Guinea_2021,4.944539547
Guyana_2007,5.992826462
Haiti_2006,3.754156113
Haiti_2008,3.846329212
Haiti_2010,3.76599884
Haiti_2011,4.844573975
Haiti_2012,4.413475037
Haiti_2013,4.62196207
Haiti_2014,3.888778448
Haiti_2015,3.569762468
Haiti_2016,3.352300167
Haiti_2017,3.823865652
Haiti_2018,3.614928007
Honduras_2006,5.396519661
Honduras_2007,5.09715414
Honduras_2008,5.420331001
Honduras_2009,6.033189297
Honduras_2010,5.866131306
Honduras_2011,4.961031437
Honduras_2012,4.602218151
Honduras_2013,4.713358402
Honduras_2014,5.055726051
Honduras_2015,4.845436573
Honduras_2016,5.648154736
Honduras_2017,6.019985676
Honduras_2018,5.908423901
Honduras_2019,5.930051327
Honduras_2021,6.113636017
Hong Kong S.A.R. of China_2006,5.511187077
Hong Kong S.A.R. of China_2008,5.137261868
Hong Kong S.A.R. of China_2009,5.397055626
Hong Kong S.A.R. of China_2010,5.642834663
Hong Kong S.A.R. of China_2011,5.474010944
Hong Kong S.A.R. of China_2012,5.483764648
Hong Kong S.A.R. of China_2014,5.458050728
Hong Kong S.A.R. of China_2016,5.498420715
Hong Kong S.A.R. of China_2017,5.362474918
Hong Kong S.A.R. of China_2019,5.659317017
Hong Kong S.A.R. of China_2020,5.295341492
Hong Kong S.A.R. of China_2021,5.321550846
Hungary_2005,5.193933487
Hungary_2007,4.953917027
Hungary_2009,4.894600391
Hungary_2010,4.725132465
Hungary_2011,4.917602539
Hungary_2012,4.683358192
Hungary_2013,4.914466858
Hungary_2014,5.18056345
Hungary_2015,5.34438324
Hungary_2016,5.448901653
Hungary_2017,6.065038681
Hungary_2018,5.935770988
Hungary_2019,6.000259876
Hungary_2020,6.038049698
Hungary_2021,6.226647854
Iceland_2008,6.888284206
Iceland_2012,7.590660095
Iceland_2013,7.501394272
Iceland_2015,7.498070717
Iceland_2016,7.510034561
Iceland_2017,7.476213932
Iceland_2019,7.532504559
Iceland_2020,7.575489521
Iceland_2021,7.564624786
India_2006,5.348258972
India_2007,5.02679348
India_2008,5.145833015
India_2009,4.5215177539999996
India_2010,4.989277363
India_2011,4.634871483
India_2012,4.720146656
India_2013,4.427788734
India_2014,4.424379349
India_2015,4.342079163
India_2016,4.179177284
India_2017,4.046111107
India_2018,3.818068743
India_2019,3.24876976
India_2020,4.223865509
India_2021,3.558253765
Indonesia_2006,4.946978092
Indonesia_2007,5.101213932
Indonesia_2008,4.815309525
Indonesia_2009,5.472361088
Indonesia_2010,5.4572992320000004
Indonesia_2011,5.172608376
Indonesia_2012,5.36777401
Indonesia_2013,5.292237759
Indonesia_2014,5.597375393
Indonesia_2015,5.04279995
Indonesia_2016,5.136325359
Indonesia_2017,5.098401546
Indonesia_2018,5.340295792
Indonesia_2019,5.346512794
Indonesia_2020,4.828147411
Indonesia_2021,5.43317318
Iran_2005,5.308190346
Iran_2007,5.336371422
Iran_2008,5.128988266
Iran_2011,4.767507076
Iran_2012,4.608927727
Iran_2013,5.139579296
Iran_2014,4.682224274
Iran_2015,4.749955654
Iran_2016,4.652730942
Iran_2017,4.716783047
Iran_2018,4.278117657
Iran_2019,5.006145954
Iran_2020,4.864528179
Iran_2021,4.78781414
Iraq_2008,4.589844704
Iraq_2009,4.775316715
Iraq_2010,5.065462112
Iraq_2011,4.725366116
Iraq_2012,4.659508705
Iraq_2013,4.725017071
Iraq_2014,4.541502476
Iraq_2015,4.493377209
Iraq_2016,4.412537098
Iraq_2017,4.462399006
Iraq_2018,4.8864007
Iraq_2020,4.78516531
Iraq_2021,5.093667984
Ireland_2006,7.144246578
Ireland_2008,7.568029881
Ireland_2009,7.045911312
Ireland_2010,7.257389545
Ireland_2011,7.006904125
Ireland_2012,6.964645386
Ireland_2013,6.760085106
Ireland_2014,7.018379211
Ireland_2015,6.830125332
Ireland_2016,7.04073143
Ireland_2017,7.060155392
Ireland_2018,6.962335587
Ireland_2019,7.254841328
Ireland_2020,7.034930706
Ireland_2021,6.827651978
Israel_2006,7.173417091
Israel_2007,6.841114998
Israel_2008,7.261261463
Israel_2009,7.352979183
Israel_2010,7.358916283
Israel_2011,7.433147907
Israel_2012,7.110854626
Israel_2013,7.320563316
Israel_2014,7.400570393
Israel_2015,7.07941103
Israel_2016,7.159010887
Israel_2017,7.331036091
Israel_2018,6.92717886
Israel_2019,7.331779957
Israel_2020,7.194928169
Israel_2021,7.577528
Italy_2005,6.8537836070000004
Italy_2007,6.574412346
Italy_2008,6.779774189
Italy_2009,6.333800316
Italy_2010,6.354238033
Italy_2011,6.057086468
Italy_2012,5.839313984
Italy_2013,6.009373665
Italy_2014,6.026585102
Italy_2015,5.847683907
Italy_2016,5.95452404
Italy_2017,6.198870182
Italy_2018,6.516526699
Italy_2019,6.445416927
Italy_2020,6.488356113
Italy_2021,6.4667449
Ivory Coast_2009,4.197181702
Ivory Coast_2013,3.739365578
Ivory Coast_2014,3.570368528
Ivory Coast_2015,4.445038795
Ivory Coast_2016,4.542545795
Ivory Coast_2017,5.037734985
Ivory Coast_2018,5.26837492
Ivory Coast_2019,5.392012119
Ivory Coast_2020,5.256503582
Ivory Coast_2021,5.055806637
Jamaica_2006,6.207881927
Jamaica_2011,5.374446392
Jamaica_2013,5.708886623
Jamaica_2014,5.310538769
Jamaica_2017,5.889759064
Jamaica_2019,6.309238911
Jamaica_2020,5.424990654
Jamaica_2021,5.813733578
Japan_2005,6.515817165
Japan_2007,6.238197803
Japan_2008,5.91067934
Japan_2009,5.844999313
Japan_2010,6.056752682
Japan_2011,6.262793541
Japan_2012,5.968216419
Japan_2013,5.959361553
Japan_2014,5.922620773
Japan_2015,5.879684448
Japan_2016,5.954650879
Japan_2017,5.910676479
Japan_2018,5.793575287
Japan_2019,5.908039093
Japan_2020,6.117963314
Japan_2021,6.091324806
Jordan_2005,6.294660091
Jordan_2007,5.59805727
Jordan_2008,4.930058002
Jordan_2009,5.999859333
Jordan_2010,5.569942474
Jordan_2011,5.539327621
Jordan_2012,5.131996155
Jordan_2013,5.171952724
Jordan_2014,5.333021641
Jordan_2015,5.404593468
Jordan_2016,5.27128458
Jordan_2017,4.808082581
Jordan_2018,4.638933659
Jordan_2019,4.452548027
Jordan_2020,4.093991756
Jordan_2021,3.90914917
Kazakhstan_2006,5.475948334
Kazakhstan_2007,5.718553543
Kazakhstan_2008,5.886419773
Kazakhstan_2009,5.382563114
Kazakhstan_2010,5.514286518
Kazakhstan_2011,5.735662937
Kazakhstan_2012,5.759469509
Kazakhstan_2013,5.835483074
Kazakhstan_2014,5.970097542
Kazakhstan_2015,5.949995041
Kazakhstan_2016,5.533551693
Kazakhstan_2017,5.882351398
Kazakhstan_2018,6.00763607
Kazakhstan_2019,6.272268295
Kazakhstan_2020,6.168269157
Kazakhstan_2021,6.259634018
Kenya_2006,4.223234177
Kenya_2007,4.575657845
Kenya_2008,4.015274525
Kenya_2009,4.270434856
Kenya_2010,4.255859375
Kenya_2011,4.405310154
Kenya_2012,4.547335148
Kenya_2013,3.795383215
Kenya_2014,4.904579639
Kenya_2015,4.357617855
Kenya_2016,4.396127701
Kenya_2017,4.475654125
Kenya_2018,4.655702591
Kenya_2019,4.618850231
Kenya_2020,4.546584129
Kenya_2021,4.464540958
Kosovo_2007,5.103906155
Kosovo_2008,5.521659851
Kosovo_2009,5.891432762
Kosovo_2010,5.17660141
Kosovo_2011,4.859501839
Kosovo_2012,5.639588356
Kosovo_2013,6.125758171
Kosovo_2014,5.000375271
Kosovo_2015,5.077460766
Kosovo_2016,5.759412289
Kosovo_2017,6.149199963
Kosovo_2018,6.391825676
Kosovo_2019,6.425144196
Kosovo_2020,6.294414043
Kosovo_2021,6.648499489
Kuwait_2006,6.075547218
Kuwait_2009,6.585246086
Kuwait_2010,6.798151016
Kuwait_2011,6.377699375
Kuwait_2012,6.221094608
Kuwait_2013,6.480031013
Kuwait_2014,6.180138588
Kuwait_2015,6.146031857
Kuwait_2016,5.947194576
Kuwait_2017,6.093905449
Kuwait_2019,6.106119633
Kyrgyzstan_2006,4.641398907
Kyrgyzstan_2007,4.697761536
Kyrgyzstan_2008,4.736588001
Kyrgyzstan_2009,5.06905365
Kyrgyzstan_2010,4.996410847
Kyrgyzstan_2011,4.921049118
Kyrgyzstan_2012,5.207785606
Kyrgyzstan_2013,5.40242672
Kyrgyzstan_2014,5.252192974
Kyrgyzstan_2015,4.905375957
Kyrgyzstan_2016,4.856534004
Kyrgyzstan_2017,5.629536629
Kyrgyzstan_2018,5.297383308
Kyrgyzstan_2019,5.685220718
Kyrgyzstan_2020,6.249586105
Kyrgyzstan_2021,5.563699722
Laos_2006,5.076225758
Laos_2007,5.363854885
Laos_2008,5.044098854
Laos_2011,4.703749657
Laos_2012,4.876084805
Laos_2017,4.623140812
Laos_2018,4.85940218
Laos_2019,5.196856022
Laos_2020,5.284390926
Laos_2021,4.926521778
Latvia_2006,4.70950222
Latvia_2007,4.666971684
Latvia_2008,5.145375252
Latvia_2009,4.668910503
Latvia_2011,4.966811657
Latvia_2012,5.125025272
Latvia_2013,5.069770336
Latvia_2014,5.729115486
Latvia_2015,5.880597591
Latvia_2016,5.940446377
Latvia_2017,5.977817535
Latvia_2018,5.901154041
Latvia_2019,5.969753742
Latvia_2020,6.229008675
Latvia_2021,6.353090763
Lebanon_2005,5.49124527
Lebanon_2006,4.653103828
Lebanon_2008,4.594851017
Lebanon_2009,5.205998898
Lebanon_2010,5.031899452
Lebanon_2011,5.187571526
Lebanon_2012,4.572566986
Lebanon_2013,4.983288765
Lebanon_2014,5.233025551
Lebanon_2015,5.171971321
Lebanon_2016,5.27072382
Lebanon_2017,5.153989792
Lebanon_2018,5.167186737
Lebanon_2019,4.024219513
Lebanon_2020,2.633752584
Lebanon_2021,2.178809404
Lesotho_2011,4.89751482
Lesotho_2016,3.808204889
Lesotho_2017,3.795300722
Lesotho_2019,3.5117805
Liberia_2007,3.701401234
Liberia_2008,4.221354008
Liberia_2010,4.196063042
Liberia_2014,4.571419239
Liberia_2015,2.701591253
Liberia_2016,3.354676008
Liberia_2017,4.424490929
Liberia_2018,4.134852886
Liberia_2019,5.121460915
Libya_2012,5.754394054
Libya_2015,5.615404606
Libya_2016,5.43358326
Libya_2017,5.646852493
Libya_2018,5.493977547
Libya_2019,5.33022213
Lithuania_2006,5.954442978
Lithuania_2007,5.80828476
Lithuania_2008,5.553925991
Lithuania_2009,5.466920853
Lithuania_2010,5.065824986
Lithuania_2011,5.43243742
Lithuania_2012,5.771037102
Lithuania_2013,5.595689297
Lithuania_2014,6.125723839
Lithuania_2015,5.711378098
Lithuania_2016,5.865552425
Lithuania_2017,6.272940636
Lithuania_2018,6.308878899
Lithuania_2019,6.064097881
Lithuania_2020,6.39137888
Lithuania_2021,6.864572525
Luxembourg_2009,6.957920074
Luxembourg_2010,7.097251892
Luxembourg_2011,7.101400375
Luxembourg_2012,6.964097023
Luxembourg_2013,7.130809307
Luxembourg_2014,6.89112711
Luxembourg_2015,6.701571465
Luxembourg_2016,6.967340946
Luxembourg_2017,7.061380863
Luxembourg_2018,7.242630959
Luxembourg_2019,7.404015541
Madagascar_2006,3.979751348
Madagascar_2008,4.640079021
Madagascar_2011,4.381415367
Madagascar_2012,3.550609589
Madagascar_2013,3.815607071
Madagascar_2014,3.675626993
Madagascar_2015,3.592514038
Madagascar_2016,3.663085938
Madagascar_2017,4.078620434
Madagascar_2018,4.070586681
Madagascar_2019,4.339087486
Malawi_2006,3.829868078
Malawi_2007,4.89103651
Malawi_2009,5.148239613
Malawi_2011,3.946062565
Malawi_2012,4.279269695
Malawi_2013,4.035084248
Malawi_2014,4.563080311
Malawi_2015,3.86763835
Malawi_2016,3.476492643
Malawi_2017,3.416862965
Malawi_2018,3.334633589
Malawi_2019,3.869123697
Malawi_2021,3.635283232
Malaysia_2006,6.011716843
Malaysia_2007,6.238904476
Malaysia_2008,5.806781769
Malaysia_2009,5.384701729
Malaysia_2010,5.580281734
Malaysia_2011,5.786367416
Malaysia_2012,5.914283752
Malaysia_2013,5.770199776
Malaysia_2014,5.962921619
Malaysia_2015,6.322121143
Malaysia_2018,5.338817596
Malaysia_2019,5.427954197
Malaysia_2020,6.01419878
Maldives_2018,5.197574615
Mali_2006,4.014075756
Mali_2008,4.114664078
Mali_2009,3.976598501
Mali_2010,3.762305021
Mali_2011,4.666832924
Mali_2012,4.313016891
Mali_2013,3.676277161
Mali_2014,3.974714279
Mali_2015,4.582098484
Mali_2016,4.016027927
Mali_2017,4.741850376
Mali_2018,4.415729523
Mali_2019,4.98799181
Mali_2020,4.269473553
Mali_2021,4.11309576
Malta_2009,6.32763958
Malta_2010,5.77387476
Malta_2011,6.154718399
Malta_2012,5.962872028
Malta_2013,6.379924774
Malta_2014,6.45211792
Malta_2015,6.61339426
Malta_2016,6.590842247
Malta_2017,6.675665855
Malta_2018,6.909710884
Malta_2019,6.73297739
Malta_2020,6.156822681
Malta_2021,6.443715096
Mauritania_2007,4.149043083
Mauritania_2008,4.248075008
Mauritania_2009,4.500431538
Mauritania_2010,4.772306919
Mauritania_2011,4.784804344
Mauritania_2012,4.673203945
Mauritania_2013,4.199015141
Mauritania_2014,4.482805252
Mauritania_2015,3.922664165
Mauritania_2016,4.472149372
Mauritania_2017,4.678159714
Mauritania_2018,4.313615322
Mauritania_2019,4.152619362
Mauritius_2011,5.477073193
Mauritius_2014,5.647779942
Mauritius_2016,5.610003471
Mauritius_2017,6.174117565
Mauritius_2018,5.88174057
Mauritius_2019,6.241165161
Mauritius_2020,6.015300274
Mauritius_2021,5.949120045
Mexico_2005,6.580657959
Mexico_2007,6.525378227
Mexico_2008,6.829036236
Mexico_2009,6.962819099
Mexico_2010,6.802388668
Mexico_2011,6.909515381
Mexico_2012,7.320185184
Mexico_2013,7.442546368
Mexico_2014,6.679831028
Mexico_2015,6.236287117
Mexico_2016,6.824172974
Mexico_2017,6.410299301
Mexico_2018,6.549578667
Mexico_2019,6.431945324
Mexico_2020,5.964221001
Mexico_2021,5.99075079
Moldova_2006,5.102071285
Moldova_2007,4.774918079
Moldova_2008,5.502756119
Moldova_2009,5.554374218
Moldova_2010,5.589736462
Moldova_2011,5.792262554
Moldova_2012,5.995712757
Moldova_2013,5.75605917
Moldova_2014,5.917058468
Moldova_2015,6.017472267
Moldova_2016,5.577784061
Moldova_2017,5.325530529
Moldova_2018,5.682277203
Moldova_2019,5.803450584
Moldova_2020,5.811628819
Moldova_2021,5.959048748
Mongolia_2007,4.609059334
Mongolia_2008,4.493010044
Mongolia_2010,4.585523605
Mongolia_2011,5.031173706
Mongolia_2012,4.885150433
Mongolia_2013,4.912928104
Mongolia_2014,4.824834824
Mongolia_2015,4.982719898
Mongolia_2016,5.056999683
Mongolia_2017,5.333850384
Mongolia_2018,5.464622974
Mongolia_2019,5.562905312
Mongolia_2020,6.011364937
Mongolia_2021,5.72103405
Montenegro_2007,5.196315289
Montenegro_2009,4.8010602
Montenegro_2010,5.455030441
Montenegro_2011,5.223116875
Montenegro_2012,5.218724251
Montenegro_2013,5.074341774
Montenegro_2014,5.282720566
Montenegro_2015,5.124921322
Montenegro_2016,5.304066181
Montenegro_2017,5.614798546
Montenegro_2018,5.650189877
Montenegro_2019,5.386024952
Montenegro_2020,5.722162724
Morocco_2010,4.383247375
Morocco_2011,5.084972858
Morocco_2012,4.969656467
Morocco_2013,5.142160416
Morocco_2015,5.163156986
Morocco_2016,5.38630724
Morocco_2017,5.312482834
Morocco_2018,4.896791935
Morocco_2019,5.056751728
Morocco_2020,4.80261755
Morocco_2021,5.326248646
Mozambique_2006,4.594879627
Mozambique_2007,4.832634926
Mozambique_2008,4.65358305
Mozambique_2011,4.971111774
Mozambique_2015,4.549767494
Mozambique_2017,4.279863358
Mozambique_2018,4.653713703
Mozambique_2019,4.932132721
Mozambique_2021,5.178486824
Myanmar_2012,4.438939571
Myanmar_2013,4.175670624
Myanmar_2014,4.786247253
Myanmar_2015,4.223846436
Myanmar_2016,4.623119831
Myanmar_2017,4.154341698
Myanmar_2018,4.410633087
Myanmar_2019,4.43423748
Myanmar_2020,4.431364059
Myanmar_2021,4.314039707
Namibia_2007,4.885587215
Namibia_2014,4.573991299
Namibia_2017,4.441306114
Namibia_2018,4.834087849
Namibia_2019,4.435811043
Namibia_2020,4.451010227
Namibia_2021,4.491207123
Nepal_2006,4.566594601
Nepal_2007,4.74828434
Nepal_2008,4.440526485
Nepal_2009,4.91686821
Nepal_2010,4.349675179
Nepal_2011,3.809444666
Nepal_2012,4.233244896
Nepal_2013,4.604576588
Nepal_2014,4.975014687
Nepal_2015,4.812436581
Nepal_2016,5.099539757
Nepal_2017,4.736692429
Nepal_2018,4.910086632
Nepal_2019,5.448724747
Nepal_2020,5.982410431
Nepal_2021,4.622300148
Netherlands_2005,7.463979244
Netherlands_2007,7.451879501
Netherlands_2008,7.631011963
Netherlands_2010,7.501875877
Netherlands_2011,7.563797951
Netherlands_2012,7.470715523
Netherlands_2013,7.406550407
Netherlands_2014,7.32118845
Netherlands_2015,7.324437141
Netherlands_2016,7.540877342
Netherlands_2017,7.458965302
Netherlands_2018,7.463097095
Netherlands_2019,7.42526865
Netherlands_2020,7.504447937
Netherlands_2021,7.314151287
New Zealand_2006,7.305014133
New Zealand_2007,7.604173183
New Zealand_2008,7.38117075
New Zealand_2010,7.223756313
New Zealand_2011,7.190638065
New Zealand_2012,7.249629974
New Zealand_2013,7.280151844
New Zealand_2014,7.305892467
New Zealand_2015,7.418120861
New Zealand_2016,7.225687981
New Zealand_2017,7.32718277
New Zealand_2018,7.370285988
New Zealand_2019,7.205174446
New Zealand_2020,7.257381916
New Zealand_2021,7.13670063
Nicaragua_2006,4.460158348
Nicaragua_2007,4.944090843
Nicaragua_2008,5.103827477
Nicaragua_2009,5.352804661
Nicaragua_2010,5.68669939
Nicaragua_2011,5.385705471
Nicaragua_2012,5.448006153
Nicaragua_2013,5.772274971
Nicaragua_2014,6.275266647
Nicaragua_2015,5.924112797
Nicaragua_2016,6.012739658
Nicaragua_2017,6.476356506
Nicaragua_2018,5.81895256
Nicaragua_2019,6.112545013
Nicaragua_2020,6.28689003
Nicaragua_2021,6.095348835
Niger_2006,3.736951828
Niger_2007,4.277402401
Niger_2008,4.235657215
Niger_2009,4.267169952
Niger_2010,4.101016045
Niger_2011,4.555829525
Niger_2012,3.798088312
Niger_2013,3.716329813
Niger_2014,4.180943489
Niger_2015,3.671453714
Niger_2016,4.234645844
Niger_2017,4.615673542
Niger_2018,5.164007187
Niger_2019,5.003544331
Nigeria_2006,4.709745884
Nigeria_2007,4.890419483
Nigeria_2008,4.938560486
Nigeria_2009,4.980220318
Nigeria_2010,4.760275841
Nigeria_2012,5.492954254
Nigeria_2013,4.81786871
Nigeria_2015,4.932914734
Nigeria_2016,5.219567776
Nigeria_2017,5.321928024
Nigeria_2018,5.252288342
Nigeria_2019,4.2664842609999996
Nigeria_2020,5.502948284
Nigeria_2021,4.47926569
North Cyprus_2012,5.463305473
North Cyprus_2013,5.566802502
North Cyprus_2014,5.785978794
North Cyprus_2015,5.842550278
North Cyprus_2016,5.827127934
North Cyprus_2018,5.608056068
North Cyprus_2019,5.4666152
North Macedonia_2007,4.493598461
North Macedonia_2009,4.428021908
North Macedonia_2010,4.180202007
North Macedonia_2011,4.898180008
North Macedonia_2012,4.639647484
North Macedonia_2013,5.186190605
North Macedonia_2014,5.203825951
North Macedonia_2015,4.975589752
North Macedonia_2016,5.34574604
North Macedonia_2017,5.233866692
North Macedonia_2018,5.239834785
North Macedonia_2019,5.015485287
North Macedonia_2020,5.053664207
North Macedonia_2021,5.534749985
Norway_2006,7.415682316
Norway_2008,7.632287502
Norway_2012,7.678277016
Norway_2014,7.444470882
Norway_2015,7.603433609
Norway_2016,7.596331596
Norway_2017,7.578744888
Norway_2018,7.444262028
Norway_2019,7.442139626
Norway_2020,7.290032387
Norway_2021,7.361573696
Oman_2011,6.852982044
Pakistan_2005,5.224657536
Pakistan_2007,5.671460629
Pakistan_2008,4.413918972
Pakistan_2009,5.208146572
Pakistan_2010,5.786132813
Pakistan_2011,5.267186165
Pakistan_2012,5.131565094
Pakistan_2013,5.138082504
Pakistan_2014,5.435657978
Pakistan_2015,4.823194981
Pakistan_2016,5.548508167
Pakistan_2017,5.8308706280000004
Pakistan_2018,5.471553802
Pakistan_2019,4.442717552
Pakistan_2020,4.623969078
Pakistan_2021,4.486834526
Palestinian Territories_2006,4.716387749
Palestinian Territories_2007,4.151053905
Palestinian Territories_2008,4.385603428
Palestinian Territories_2009,4.470191479
Palestinian Territories_2010,4.702603817
Palestinian Territories_2011,4.751219749
Palestinian Territories_2012,4.646608353
Palestinian Territories_2013,4.844027996
Palestinian Territories_2014,4.721938133
Palestinian Territories_2015,4.695239067
Palestinian Territories_2016,4.906618118
Palestinian Territories_2017,4.62813282
Palestinian Territories_2018,4.5539217
Palestinian Territories_2019,4.48253727
Panama_2006,6.127988338
Panama_2007,6.894139767
Panama_2008,6.930903435
Panama_2009,7.033740044
Panama_2010,7.3214674
Panama_2011,7.24808073
Panama_2012,6.859835625
Panama_2013,6.86648035
Panama_2014,6.631171227
Panama_2015,6.605550289
Panama_2016,6.117638111
Panama_2017,6.567658901
Panama_2018,6.281434059
Panama_2019,6.085955143
Panama_2021,6.552778721
Paraguay_2006,4.730082035
Paraguay_2007,5.272461414
Paraguay_2008,5.570061684
Paraguay_2009,5.576147079
Paraguay_2010,5.841174126
Paraguay_2011,5.677080631
Paraguay_2012,5.820058346
Paraguay_2013,5.936240673
Paraguay_2014,5.118641853
Paraguay_2015,5.559724331
Paraguay_2016,5.801380157
Paraguay_2017,5.71329546
Paraguay_2019,5.652625561
Paraguay_2020,5.501248837
Paraguay_2021,5.575535297
Peru_2006,4.810845375
Peru_2007,5.213962078
Peru_2008,5.129230976
Peru_2009,5.518846989
Peru_2010,5.612785339
Peru_2011,5.892457485
Peru_2012,5.824557304
Peru_2013,5.782557487
Peru_2014,5.865815639
Peru_2015,5.577263355
Peru_2016,5.700628757
Peru_2017,5.710936546
Peru_2018,5.679661274
Peru_2019,5.999381542
Peru_2020,4.994379044
Peru_2021,5.694317818
Philippines_2006,4.669945717
Philippines_2007,5.073562145
Philippines_2008,4.589065075
Philippines_2009,4.879910946
Philippines_2010,4.941514015
Philippines_2011,4.993956566
Philippines_2012,5.001965046
Philippines_2013,4.976925373
Philippines_2014,5.312550068
Philippines_2015,5.547489166
Philippines_2016,5.430832863
Philippines_2017,5.594270229
Philippines_2018,5.869172573
Philippines_2019,6.267745018
Philippines_2020,5.079585075
Philippines_2021,5.96505785
Poland_2005,5.587209225
Poland_2007,5.886137486
Poland_2009,5.772027493
Poland_2010,5.887029648
Poland_2011,5.646204948
Poland_2012,5.87593174
Poland_2013,5.746131897
Poland_2014,5.750282288
Poland_2015,6.007021904
Poland_2016,6.162076473
Poland_2017,6.201268196
Poland_2018,6.111485004
Poland_2019,6.24209404
Poland_2020,6.139455318
Poland_2021,5.978068829
Portugal_2006,5.405246258
Portugal_2008,5.716966629
Portugal_2010,5.094525814
Portugal_2011,5.219997883
Portugal_2012,4.993962288
Portugal_2013,5.157688141
Portugal_2014,5.12691164
Portugal_2015,5.080866337
Portugal_2016,5.446637154
Portugal_2017,5.711499214
Portugal_2018,5.919822693
Portugal_2019,6.095473289
Portugal_2020,5.767792225
Portugal_2021,6.183014393
Qatar_2009,6.417824268
Qatar_2010,6.849652767
Qatar_2011,6.591604233
Qatar_2012,6.611298561
Qatar_2015,6.374529362
Romania_2005,5.048648357
Romania_2007,5.393723965
Romania_2009,5.367565155
Romania_2010,4.909165859
Romania_2011,5.02275753
Romania_2012,5.1668748859999996
Romania_2013,5.081584454
Romania_2014,5.726893425
Romania_2015,5.777491093
Romania_2016,5.96887064
Romania_2017,6.089904785
Romania_2018,6.150878906
Romania_2019,6.129942417
Romania_2020,6.785142422
Romania_2021,6.548725605
Russia_2006,4.963742733
Russia_2007,5.222867489
Russia_2008,5.61875391
Russia_2009,5.158227921
Russia_2010,5.384773254
Russia_2011,5.388766289
Russia_2012,5.620735645
Russia_2013,5.537177563
Russia_2014,6.036976814
Russia_2015,5.995538712
Russia_2016,5.85494566
Russia_2017,5.578742981
Russia_2018,5.513500214
Russia_2019,5.440523624
Russia_2020,5.495288849
Russia_2021,5.448261261
Rwanda_2006,4.21470356
Rwanda_2008,4.362988949
Rwanda_2009,4.029761791
Rwanda_2011,4.097435951
Rwanda_2012,3.333047867
Rwanda_2013,3.466387749
Rwanda_2014,3.595678329
Rwanda_2015,3.483108997
Rwanda_2016,3.332989931
Rwanda_2017,3.10837388
Rwanda_2018,3.5610466
Rwanda_2019,3.268152237
Saudi Arabia_2005,7.079644203
Saudi Arabia_2007,7.266694069
Saudi Arabia_2008,6.811370373
Saudi Arabia_2009,6.14759016
Saudi Arabia_2010,6.307098389
Saudi Arabia_2011,6.699789524
Saudi Arabia_2012,6.396359444
Saudi Arabia_2013,6.495132923
Saudi Arabia_2014,6.27837801
Saudi Arabia_2015,6.345491886
Saudi Arabia_2016,6.473921299
Saudi Arabia_2017,6.294282436
Saudi Arabia_2018,6.356393337
Saudi Arabia_2019,6.561247349
Saudi Arabia_2020,6.559588432
Saudi Arabia_2021,6.44529438
Senegal_2006,4.417352676
Senegal_2007,4.679986954
Senegal_2008,4.683499813
Senegal_2009,4.335114002
Senegal_2010,4.372156143
Senegal_2011,3.834201574
Senegal_2012,3.668736935
Senegal_2013,3.647367001
Senegal_2014,4.394777298
Senegal_2015,4.61700058
Senegal_2016,4.59453392
Senegal_2017,4.683024883
Senegal_2018,4.769377232
Senegal_2019,5.488736629
Senegal_2020,4.756773472
Senegal_2021,4.902830601
Serbia_2007,4.750383854
Serbia_2009,4.380311966
Serbia_2010,4.461304188
Serbia_2011,4.815186501
Serbia_2012,5.154521942
Serbia_2013,5.101840496
Serbia_2014,5.112728596
Serbia_2015,5.317685127
Serbia_2016,5.752754688
Serbia_2017,5.1220312119999996
Serbia_2018,5.936493397
Serbia_2019,6.241407394
Serbia_2020,6.041546345
Serbia_2021,6.245267391
Sierra Leone_2006,3.628185034
Sierra Leone_2007,3.585127354
Sierra Leone_2008,2.997251034
Sierra Leone_2010,4.133955956
Sierra Leone_2011,4.501643658
Sierra Leone_2013,4.514291286
Sierra Leone_2014,4.499970436
Sierra Leone_2015,4.908617973
Sierra Leone_2016,4.732953072
Sierra Leone_2017,4.089562416
Sierra Leone_2018,4.305683136
Sierra Leone_2019,3.447381496
Sierra Leone_2021,3.714294434
Singapore_2006,6.462702751
Singapore_2007,6.833754539
Singapore_2008,6.641956806
Singapore_2009,6.144676685
Singapore_2010,6.531401634
Singapore_2011,6.561041832
Singapore_2013,6.53320694
Singapore_2014,7.062364578
Singapore_2015,6.619524956
Singapore_2016,6.033480644
Singapore_2017,6.378437996
Singapore_2018,6.374564171
Singapore_2019,6.378359795
Singapore_2021,6.586717129
Slovakia_2006,5.264676571
Slovakia_2010,6.052223206
Slovakia_2011,5.945048332
Slovakia_2012,5.91105938
Slovakia_2013,5.936527252
Slovakia_2014,6.1388731
Slovakia_2015,6.162004471
Slovakia_2016,5.993163109
Slovakia_2017,6.365509033
Slovakia_2018,6.23511076
Slovakia_2019,6.243428707
Slovakia_2020,6.519098282
Slovakia_2021,6.418503761
Slovenia_2006,5.811264515
Slovenia_2009,5.830160618
Slovenia_2010,6.082555294
Slovenia_2011,6.035964012
Slovenia_2012,6.062891006
Slovenia_2013,5.974888802
Slovenia_2014,5.678395271
Slovenia_2015,5.740642071
Slovenia_2016,5.936821461
Slovenia_2017,6.166837692
Slovenia_2018,6.249419212
Slovenia_2019,6.665273666
Slovenia_2020,6.462076187
Slovenia_2021,6.761220932
Somalia_2014,5.528272629
Somalia_2015,5.353644848
Somalia_2016,4.667941093
Somaliland region_2009,4.991399765
Somaliland region_2010,4.657363415
Somaliland region_2011,4.930571556
Somaliland region_2012,5.057314396
South Africa_2006,5.083986759
South Africa_2007,5.204454422
South Africa_2008,5.346306801
South Africa_2009,5.218430996
South Africa_2010,4.652428627
South Africa_2011,4.930511475
South Africa_2012,5.133887768
South Africa_2013,3.660727262
South Africa_2014,4.828456402
South Africa_2015,4.887325764
South Africa_2016,4.769739628
South Africa_2017,4.513655186
South Africa_2018,4.8839221
South Africa_2019,5.034863472
South Africa_2020,4.946800709
South Africa_2021,5.598653793
South Korea_2006,5.332177639
South Korea_2007,5.76727581
South Korea_2008,5.389624596
South Korea_2009,5.647689819
South Korea_2010,6.116024494
South Korea_2011,6.946599007
South Korea_2012,6.003286839
South Korea_2013,5.958809853
South Korea_2014,5.801325321
South Korea_2015,5.780211449
South Korea_2016,5.970564365
South Korea_2017,5.873887062
South Korea_2018,5.840231419
South Korea_2019,5.902816772
South Korea_2020,5.792695522
South Korea_2021,6.112745285
South Sudan_2014,3.831992388
South Sudan_2015,4.070771217
South Sudan_2016,2.888112307
South Sudan_2017,2.816622496
Spain_2005,7.152785778
Spain_2007,6.994614601
Spain_2008,7.294472694
Spain_2009,6.198601246
Spain_2010,6.188262463
Spain_2011,6.518249035
Spain_2012,6.290690422
Spain_2013,6.150027275
Spain_2014,6.456477642
Spain_2015,6.380663395
Spain_2016,6.318612099
Spain_2017,6.230173111
Spain_2018,6.513370991
Spain_2019,6.457449436
Spain_2020,6.502175331
Spain_2021,6.469611168
Sri Lanka_2006,4.344610691
Sri Lanka_2007,4.414805412
Sri Lanka_2008,4.430846214
Sri Lanka_2009,4.212026596
Sri Lanka_2010,3.976905107
Sri Lanka_2011,4.180569172
Sri Lanka_2012,4.224593163
Sri Lanka_2013,4.364694118
Sri Lanka_2014,4.267932892
Sri Lanka_2015,4.611606598
Sri Lanka_2017,4.330945492
Sri Lanka_2018,4.435023785
Sri Lanka_2019,4.213299274
Sri Lanka_2020,4.778489113
Sri Lanka_2021,4.10344696
Sudan_2009,4.454917431
Sudan_2010,4.435159683
Sudan_2011,4.314456463
Sudan_2012,4.550499439
Sudan_2014,4.138672829
Suriname_2012,6.269286633
Sweden_2005,7.376315594
Sweden_2007,7.241362572
Sweden_2008,7.51599741
Sweden_2009,7.265977383
Sweden_2010,7.496018887
Sweden_2011,7.382232189
Sweden_2012,7.560147762
Sweden_2013,7.434010506
Sweden_2014,7.239147663
Sweden_2015,7.28892231
Sweden_2016,7.368744373
Sweden_2017,7.286804676
Sweden_2018,7.374792099
Sweden_2019,7.398092747
Sweden_2020,7.314341068
Sweden_2021,7.439280033
Switzerland_2006,7.473252773
Switzerland_2009,7.524520874
Switzerland_2012,7.776208878
Switzerland_2014,7.492803574
Switzerland_2015,7.572136879
Switzerland_2016,7.458519936
Switzerland_2017,7.473593235
Switzerland_2018,7.508586884
Switzerland_2019,7.69422102
Switzerland_2020,7.508435249
Switzerland_2021,7.327672482
Syria_2008,5.32333231
Syria_2009,4.978970528
Syria_2010,4.464707851
Syria_2011,4.037889481
Syria_2012,3.164491177
Syria_2013,2.687552929
Syria_2015,3.46191287
Taiwan_2006,6.189050198
Taiwan_2008,5.547682285
Taiwan_2010,6.228530884
Taiwan_2011,6.308915138
Taiwan_2012,6.125916958
Taiwan_2013,6.340344429
Taiwan_2014,6.36349678
Taiwan_2015,6.450088024
Taiwan_2016,6.512850761
Taiwan_2017,6.359450817
Taiwan_2018,6.467004776
Taiwan_2019,6.537089825
Taiwan_2020,6.751067638
Taiwan_2021,6.246744156
Tajikistan_2006,4.613099098
Tajikistan_2007,4.431608677
Tajikistan_2008,5.063986778
Tajikistan_2009,4.575174809
Tajikistan_2010,4.380636215
Tajikistan_2011,4.262671471
Tajikistan_2012,4.496571541
Tajikistan_2013,4.966521263
Tajikistan_2014,4.896157742
Tajikistan_2015,5.124210835
Tajikistan_2016,5.103721142
Tajikistan_2017,5.829234123
Tajikistan_2018,5.497468948
Tajikistan_2019,5.464015484
Tajikistan_2020,5.373398781
Tajikistan_2021,5.286824226
Tanzania_2006,3.922484159
Tanzania_2007,4.317949772
Tanzania_2008,4.384741783
Tanzania_2009,3.407507896
Tanzania_2010,3.229129076
Tanzania_2011,4.073562145
Tanzania_2012,4.006897449
Tanzania_2013,3.852394819
Tanzania_2014,3.483278513
Tanzania_2015,3.660597324
Tanzania_2016,2.9027342799999998
Tanzania_2017,3.347121239
Tanzania_2018,3.445023298
Tanzania_2019,3.640154839
Tanzania_2020,3.785684109
Tanzania_2021,3.68056798
Thailand_2006,5.88543272
Thailand_2007,5.783891201
Thailand_2008,5.636471272
Thailand_2009,5.475645065
Thailand_2010,6.216702938
Thailand_2011,6.663609028
Thailand_2012,6.300235271
Thailand_2013,6.231024742
Thailand_2014,6.985463619
Thailand_2015,6.201762676
Thailand_2016,6.07363987
Thailand_2017,5.938895226
Thailand_2018,6.011561871
Thailand_2019,6.02215147
Thailand_2020,5.884544373
Thailand_2021,5.638096809
Togo_2006,3.202429295
Togo_2008,2.807855129
Togo_2011,2.936220884
Togo_2014,2.83895874
Togo_2015,3.768301964
Togo_2016,3.878578424
Togo_2017,4.360805035
Togo_2018,4.022894859
Togo_2019,4.179493904
Togo_2021,4.036543846
Trinidad and Tobago_2006,5.832188606
Trinidad and Tobago_2008,6.696444035
Trinidad and Tobago_2011,6.518745899
Trinidad and Tobago_2013,6.167706966
Trinidad and Tobago_2017,6.191859722
Tunisia_2009,5.025470257
Tunisia_2010,5.130520821
Tunisia_2011,4.87648201
Tunisia_2012,4.463531017
Tunisia_2013,5.245604992
Tunisia_2014,4.763594627
Tunisia_2015,5.131611824
Tunisia_2016,4.521453381
Tunisia_2017,4.124342918
Tunisia_2018,4.741132259
Tunisia_2019,4.315479755
Tunisia_2020,4.730811119
Tunisia_2021,4.49948597
Turkey_2005,4.718733788
Turkey_2007,5.623471737
Turkey_2008,5.118231773
Turkey_2009,5.212841511
Turkey_2010,5.490347385
Turkey_2011,5.271944046
Turkey_2012,5.309076309
Turkey_2013,4.888177395
Turkey_2014,5.579794407
Turkey_2015,5.514465332
Turkey_2016,5.326221943
Turkey_2017,5.607262135
Turkey_2018,5.185689449
Turkey_2019,4.87207365
Turkey_2020,4.861554146
Turkey_2021,4.366639614
Turkmenistan_2009,6.567713261
Turkmenistan_2011,5.791754723
Turkmenistan_2012,5.463827133
Turkmenistan_2013,5.391762733
Turkmenistan_2014,5.787379265
Turkmenistan_2015,5.791460037
Turkmenistan_2016,5.887051582
Turkmenistan_2017,5.229148865
Turkmenistan_2018,4.620601654
Turkmenistan_2019,5.474299908
Uganda_2006,3.733583927
Uganda_2007,4.45583868
Uganda_2008,4.568619251
Uganda_2009,4.611985683
Uganda_2010,4.192882061
Uganda_2011,4.826001167
Uganda_2012,4.309237957
Uganda_2013,3.709578753
Uganda_2014,3.769919157
Uganda_2015,4.237686634
Uganda_2016,4.233261108
Uganda_2017,4.000516891
Uganda_2018,4.321714878
Uganda_2019,4.948051453
Uganda_2020,4.640909672
Uganda_2021,4.224533558
Ukraine_2006,4.803954124
Ukraine_2007,5.25218153
Ukraine_2008,5.172380447
Ukraine_2009,5.1656394
Ukraine_2010,5.057561398
Ukraine_2011,5.083132744
Ukraine_2012,5.030342102
Ukraine_2013,4.710802555
Ukraine_2014,4.297329903
Ukraine_2015,3.964542866
Ukraine_2016,4.028690338
Ukraine_2017,4.311067104
Ukraine_2018,4.661909103
Ukraine_2019,4.701762199
Ukraine_2020,5.269675732
Ukraine_2021,5.311355114
United Arab Emirates_2006,6.734221935
United Arab Emirates_2009,6.866062641
United Arab Emirates_2010,7.097455502
United Arab Emirates_2011,7.118701458
United Arab Emirates_2012,7.217766762
United Arab Emirates_2013,6.620951176
United Arab Emirates_2014,6.539854527
United Arab Emirates_2015,6.568397522
United Arab Emirates_2016,6.83095026
United Arab Emirates_2017,7.039419651
United Arab Emirates_2018,6.603743553
United Arab Emirates_2019,6.710782528
United Arab Emirates_2020,6.458392143
United Arab Emirates_2021,6.733067513
United Kingdom_2005,6.983556747
United Kingdom_2007,6.801930904
United Kingdom_2008,6.986463547
United Kingdom_2009,6.90654707
United Kingdom_2010,7.029364109
United Kingdom_2011,6.869248867
United Kingdom_2012,6.880784035
United Kingdom_2013,6.918055058
United Kingdom_2014,6.758147717
United Kingdom_2015,6.515445232
United Kingdom_2016,6.8242836
United Kingdom_2017,7.103273392
United Kingdom_2018,7.233445168
United Kingdom_2019,7.157151222
United Kingdom_2020,6.798177242
United Kingdom_2021,6.866961956
United States_2006,7.18179369
United States_2007,7.512687683
United States_2008,7.280385971
United States_2009,7.158032417
United States_2010,7.16361618
United States_2011,7.115138531
United States_2012,7.026226997
United States_2013,7.249285221
United States_2014,7.151114464
United States_2015,6.863946915
United States_2016,6.803599834
United States_2017,6.9917593
United States_2018,6.882684708
United States_2019,6.943701267
United States_2020,7.028088093
United States_2021,6.959087849
Uruguay_2006,5.785868168
Uruguay_2007,5.693945885
Uruguay_2008,5.663869858
Uruguay_2009,6.296222687
Uruguay_2010,6.062010765
Uruguay_2011,6.554047108
Uruguay_2012,6.449728489
Uruguay_2013,6.444464684
Uruguay_2014,6.561443806
Uruguay_2015,6.628080368
Uruguay_2016,6.171485424
Uruguay_2017,6.336009979
Uruguay_2018,6.371714592
Uruguay_2019,6.600337029
Uruguay_2020,6.309681416
Uruguay_2021,6.501700401
Uzbekistan_2006,5.232322216
Uzbekistan_2008,5.311368465
Uzbekistan_2009,5.26072073
Uzbekistan_2010,5.095342159
Uzbekistan_2011,5.738744259
Uzbekistan_2012,6.019331932
Uzbekistan_2013,5.939986229
Uzbekistan_2014,6.049212456
Uzbekistan_2015,5.972364426
Uzbekistan_2016,5.892539024
Uzbekistan_2017,6.421447754
Uzbekistan_2018,6.205460072
Uzbekistan_2019,6.154049397
Uzbekistan_2020,5.841929913
Uzbekistan_2021,6.18530798
Venezuela_2005,7.169620991
Venezuela_2006,6.525146008
Venezuela_2008,6.257771492
Venezuela_2009,7.188803196
Venezuela_2010,7.47845459
Venezuela_2011,6.579789162
Venezuela_2012,7.066577435
Venezuela_2013,6.552796364
Venezuela_2014,6.136096478
Venezuela_2015,5.568800449
Venezuela_2016,4.041114807
Venezuela_2017,5.070750713
Venezuela_2018,5.005663395
Venezuela_2019,5.080803394
Venezuela_2020,4.573829651
Venezuela_2021,5.107553005
Vietnam_2006,5.293659687
Vietnam_2007,5.421687603
Vietnam_2008,5.480425358
Vietnam_2009,5.304264545
Vietnam_2010,5.295780659
Vietnam_2011,5.767344475
Vietnam_2012,5.53456974
Vietnam_2013,5.022698879
Vietnam_2014,5.084923267
Vietnam_2015,5.076315403
Vietnam_2016,5.062267303
Vietnam_2017,5.175278664
Vietnam_2018,5.295547009
Vietnam_2019,5.467451096
Vietnam_2020,5.462341785
Vietnam_2021,5.540249825
Yemen_2007,4.477132797
Yemen_2009,4.809258938
Yemen_2010,4.35031271
Yemen_2011,3.746255636
Yemen_2012,4.060600758
Yemen_2013,4.217678547
Yemen_2014,3.967957973
Yemen_2015,2.982673883
Yemen_2016,3.825630903
Yemen_2017,3.253560066
Yemen_2018,3.057513952
Yemen_2019,4.196912766
Zambia_2006,4.824454784
Zambia_2007,3.998293161
Zambia_2008,4.730263233
Zambia_2009,5.260360718
Zambia_2011,4.99911356
Zambia_2012,5.013374805
Zambia_2013,5.243995667
Zambia_2014,4.345837116
Zambia_2015,4.843164444
Zambia_2016,4.347543716
Zambia_2017,3.932777405
Zambia_2018,4.041488171
Zambia_2019,3.306796551
Zambia_2020,4.837992191
Zambia_2021,3.082154989
Zimbabwe_2006,3.826268435
Zimbabwe_2007,3.280246735
Zimbabwe_2008,3.174263716
Zimbabwe_2009,4.055914402
Zimbabwe_2010,4.681569576
Zimbabwe_2011,4.845641613
Zimbabwe_2012,4.955100536
Zimbabwe_2013,4.690187931
Zimbabwe_2014,4.184450626
Zimbabwe_2015,3.70319128
Zimbabwe_2016,3.7354002
Zimbabwe_2017,3.63830018
Zimbabwe_2018,3.616479874
Zimbabwe_2019,2.693523169
Zimbabwe_2020,3.159802198
Zimbabwe_2021,3.154578209
