dmu,country,year,efficiencies,material_footprint.x,income.x,material_footprint.y,income.y
Albania_1996,Albania,1996,0.00406,4.28,4.91,0.017370283018867918,4.909999999999999
Albania_1997,Albania,1997,0.00386,4.03,4.4,0.015566037735849053,4.3999999999999995
Albania_1998,Albania,1998,0.00391,4.36,4.82,0.017051886792452828,4.819999999999999
Albania_1999,Albania,1999,0.0041,4.73,5.48,0.019386792452830186,5.4799999999999995
Albania_2000,Albania,2000,0.00375,5.55,5.89,0.02083726415094339,5.889999999999999
Albania_2001,Albania,2001,0.00373,6.1,6.44,0.022783018867924526,6.44
Albania_2002,Albania,2002,0.0039,6.13,6.75,0.023879716981132074,6.75
Albania_2003,Albania,2003,0.00338,7.48,7.15,0.02529481132075471,7.149999999999999
Albania_2004,Albania,2004,0.00322,8.33,7.58,0.026816037735849053,7.579999999999999
Albania_2005,Albania,2005,0.0031,9.19,8.04,0.028443396226415084,8.039999999999997
Albania_2006,Albania,2006,0.00331,9.15,8.57,0.03031839622641509,8.569999999999999
Albania_2007,Albania,2007,0.00362,8.93,9.15,0.03237028301886792,9.149999999999999
Albania_2008,Albania,2008,0.00373,9.39,9.91,0.03505896226415094,9.91
Albania_2009,Albania,2009,0.00334,10.9,10.3,0.03643867924528302,10.3
Albania_2010,Albania,2010,0.00422,8.96,10.7,0.03785377358490565,10.7
Argentina_1990,Argentina,1990,0.00521,9.58,14.1,0.049882075471698095,14.099999999999996
Argentina_1991,Argentina,1991,0.00476,11.3,15.2,0.05377358490566036,15.199999999999996
Argentina_1992,Argentina,1992,0.00482,11.9,16.2,0.05731132075471697,16.2
Argentina_1993,Argentina,1993,0.00514,11.9,17.3,0.06120283018867924,17.3
Argentina_1994,Argentina,1994,0.00504,12.7,18.1,0.06403301886792453,18.1
Argentina_1995,Argentina,1995,0.00505,12.2,17.4,0.061556603773584885,17.399999999999995
Argentina_1996,Argentina,1996,0.00521,12.3,18.1,0.06403301886792453,18.1
Armenia_1999,Armenia,1999,0.00442,3.04,3.8,0.01344339622641509,3.799999999999999
Armenia_2000,Armenia,2000,0.0059,2.43,4.05,0.014327830188679242,4.05
Armenia_2001,Armenia,2001,0.00574,2.75,4.46,0.015778301886792447,4.459999999999999
Armenia_2002,Armenia,2002,0.00615,2.92,5.08,0.017971698113207545,5.079999999999999
Armenia_2003,Armenia,2003,0.00615,3.35,5.82,0.02058962264150943,5.819999999999999
Armenia_2004,Armenia,2004,0.00578,3.96,6.47,0.022889150943396223,6.469999999999999
Armenia_2005,Armenia,2005,0.00595,4.41,7.42,0.026249999999999992,7.419999999999998
Armenia_2006,Armenia,2006,0.00624,4.8,8.46,0.029929245283018865,8.46
Armenia_2007,Armenia,2007,0.00595,5.77,9.71,0.03435141509433962,9.71
Armenia_2008,Armenia,2008,0.00568,6.54,10.5,0.03714622641509434,10.5
Armenia_2009,Armenia,2009,0.00494,6.48,9.05,0.03201650943396227,9.05
Armenia_2010,Armenia,2010,0.00526,6.25,9.29,0.03286556603773584,9.289999999999997
Armenia_2011,Armenia,2011,0.00546,6.3,9.73,0.03442216981132075,9.729999999999999
Armenia_2012,Armenia,2012,0.00555,6.63,10.4,0.03679245283018868,10.4
Armenia_2013,Armenia,2013,0.00544,6.96,10.7,0.03785377358490565,10.7
Armenia_2014,Armenia,2014,0.00544,7.16,11,0.03891509433962264,11
Armenia_2015,Armenia,2015,0.00542,7.37,11.3,0.03997641509433962,11.3
Armenia_2016,Armenia,2016,0.00509,7.86,11.3,0.03997641509433962,11.3
Australia_1990,Australia,1990,0.00272,40.3,31,0.10966981132075469,30.999999999999996
Australia_1991,Australia,1991,0.00264,40.8,30.5,0.10790094339622638,30.499999999999996
Australia_1992,Australia,1992,0.0029,37,30.3,0.10719339622641508,30.299999999999997
Australia_1993,Australia,1993,0.00312,35.4,31.2,0.110377358490566,31.199999999999992
Australia_1994,Australia,1994,0.00325,34.9,32.1,0.11356132075471696,32.1
Australia_1995,Australia,1995,0.00304,38.3,32.9,0.11639150943396225,32.9
Australia_1996,Australia,1996,0.00304,39.2,33.7,0.11922169811320753,33.699999999999996
Australia_1997,Australia,1997,0.00308,39.9,34.7,0.12275943396226413,34.699999999999996
Australia_1998,Australia,1998,0.00302,42,35.9,0.12700471698113205,35.9
Australia_1999,Australia,1999,0.00316,41.7,37.2,0.13160377358490563,37.199999999999996
Australia_2000,Australia,2000,0.0034,39.8,38.2,0.13514150943396225,38.2
Australia_2001,Australia,2001,0.00341,40,38.5,0.13620283018867924,38.5
Australia_2002,Australia,2002,0.00348,40.2,39.5,0.1397405660377358,39.49999999999999
Australia_2003,Australia,2003,0.00332,42.9,40.3,0.14257075471698108,40.29999999999998
Australia_2004,Australia,2004,0.00347,42.3,41.5,0.14681603773584903,41.49999999999999
Australia_2005,Australia,2005,0.00347,43,42.2,0.14929245283018863,42.199999999999996
Australia_2006,Australia,2006,0.0039,38.7,42.7,0.15106132075471695,42.699999999999996
Australia_2007,Australia,2007,0.00342,45.6,44.1,0.15601415094339618,44.099999999999994
Australia_2008,Australia,2008,0.00419,37.7,44.7,0.15813679245283016,44.699999999999996
Australia_2009,Australia,2009,0.00366,43.1,44.6,0.1577830188679245,44.6
Australia_2010,Australia,2010,0.00389,40.8,44.9,0.1588443396226415,44.9
Australia_2011,Australia,2011,0.00393,40.9,45.4,0.16061320754716976,45.39999999999999
Australia_2012,Australia,2012,0.00396,41.5,46.4,0.16415094339622638,46.4
Australia_2013,Australia,2013,0.00401,41.2,46.7,0.1652122641509434,46.7
Australia_2014,Australia,2014,0.00397,42.1,47.2,0.1669811320754717,47.2
Australia_2015,Australia,2015,0.00396,42.5,47.6,0.16839622641509433,47.6
Austria_1990,Austria,1990,0.00673,19.7,37.5,0.13266509433962262,37.49999999999999
Austria_1991,Austria,1991,0.00632,21.5,38.4,0.13584905660377355,38.39999999999999
Austria_1992,Austria,1992,0.00589,23.3,38.8,0.1372641509433962,38.8
Austria_1993,Austria,1993,0.00614,22.3,38.7,0.13691037735849054,38.699999999999996
Austria_1994,Austria,1994,0.00583,23.9,39.4,0.13938679245283017,39.4
Austria_1995,Austria,1995,0.00601,23.8,40.4,0.14292452830188676,40.4
Austria_1996,Austria,1996,0.00624,23.4,41.3,0.1461084905660377,41.3
Austria_1997,Austria,1997,0.00631,23.6,42.1,0.148938679245283,42.099999999999994
Austria_1998,Austria,1998,0.00615,25.1,43.6,0.1542452830188679,43.599999999999994
Austria_1999,Austria,1999,0.00649,24.6,45.1,0.1595518867924528,45.099999999999994
Austria_2000,Austria,2000,0.00669,24.6,46.5,0.16450471698113206,46.5
Austria_2001,Austria,2001,0.00677,24.5,46.9,0.1659198113207547,46.9
Austria_2002,Austria,2002,0.00676,24.8,47.4,0.16768867924528297,47.39999999999999
Austria_2003,Austria,2003,0.00633,26.6,47.6,0.16839622641509433,47.6
Austria_2004,Austria,2004,0.00599,28.7,48.6,0.17193396226415092,48.6
Austria_2005,Austria,2005,0.00594,29.4,49.4,0.17476415094339623,49.400000000000006
Austria_2006,Austria,2006,0.00591,30.4,50.8,0.17971698113207546,50.8
Austria_2007,Austria,2007,0.00593,31.4,52.6,0.18608490566037733,52.599999999999994
Austria_2008,Austria,2008,0.00584,32.2,53.2,0.18820754716981128,53.199999999999996
Austria_2009,Austria,2009,0.00592,30.5,51,0.18042452830188674,50.99999999999999
Austria_2010,Austria,2010,0.00609,30.1,51.8,0.18325471698113202,51.79999999999999
Austria_2011,Austria,2011,0.00603,31.2,53.2,0.18820754716981128,53.199999999999996
Austria_2012,Austria,2012,0.00606,31.1,53.3,0.18856132075471693,53.29999999999999
Austria_2013,Austria,2013,0.00599,31.3,53,0.1875,53
Austria_2014,Austria,2014,0.00587,31.9,52.9,0.1871462264150943,52.89999999999999
Austria_2015,Austria,2015,0.00578,32.4,52.9,0.1871462264150943,52.89999999999999
Austria_2016,Austria,2016,0.00584,32.3,53.3,0.18856132075471693,53.29999999999999
Azerbaijan_1995,Azerbaijan,1995,0.0023,4.58,2.98,0.010542452830188677,2.9799999999999995
Azerbaijan_1996,Azerbaijan,1996,0.00253,4.18,2.99,0.010577830188679246,2.99
Azerbaijan_1997,Azerbaijan,1997,0.00342,3.24,3.13,0.01107311320754717,3.13
Azerbaijan_1998,Azerbaijan,1998,0.00409,2.95,3.41,0.012063679245283019,3.41
Azerbaijan_1999,Azerbaijan,1999,0.00454,2.83,3.63,0.012841981132075467,3.6299999999999994
Azerbaijan_2000,Azerbaijan,2000,0.00553,2.56,4,0.014150943396226412,3.999999999999999
Azerbaijan_2001,Azerbaijan,2001,0.00578,2.67,4.36,0.01542452830188679,4.359999999999999
Azerbaijan_2002,Azerbaijan,2002,0.00552,3.04,4.74,0.016768867924528297,4.739999999999999
Azerbaijan_2003,Azerbaijan,2003,0.00522,3.51,5.18,0.018325471698113202,5.179999999999999
Azerbaijan_2004,Azerbaijan,2004,0.00539,3.68,5.61,0.019846698113207547,5.61
Azerbaijan_2005,Azerbaijan,2005,0.00717,3.51,7.11,0.025153301886792448,7.109999999999999
Belarus_1998,Belarus,1998,0.85967,0.03,7.29,0.02579009433962264,7.289999999999999
Belarus_1999,Belarus,1999,0.89387,0.03,7.58,0.026816037735849053,7.579999999999999
Belarus_2000,Belarus,2000,0.40684,0.07,8.05,0.028478773584905654,8.049999999999999
Belarus_2001,Belarus,2001,1,0.03,8.48,0.029999999999999995,8.479999999999999
Belgium_1990,Belgium,1990,0.00821,15.3,35.5,0.1255896226415094,35.5
Belgium_1991,Belgium,1991,0.00763,16.7,36,0.1273584905660377,35.99999999999999
Belgium_1992,Belgium,1992,0.00637,20.2,36.4,0.12877358490566035,36.4
Belgium_1993,Belgium,1993,0.00651,19.5,35.9,0.12700471698113205,35.9
Belgium_1994,Belgium,1994,0.00639,20.5,37,0.13089622641509432,37
Belgium_1995,Belgium,1995,0.00656,20.4,37.8,0.13372641509433958,37.79999999999999
Belgium_1996,Belgium,1996,0.00662,20.4,38.2,0.13514150943396225,38.2
Belgium_1997,Belgium,1997,0.00715,19.6,39.6,0.14009433962264148,39.599999999999994
Belgium_1998,Belgium,1998,0.00676,21.1,40.3,0.14257075471698108,40.29999999999998
Belgium_1999,Belgium,1999,0.00678,21.7,41.6,0.1471698113207547,41.6
Belgium_2000,Belgium,2000,0.00653,23.3,43,0.15212264150943394,42.99999999999999
Belgium_2001,Belgium,2001,0.00706,21.7,43.3,0.1531839622641509,43.29999999999999
Belgium_2002,Belgium,2002,0.00706,22,43.9,0.1553066037735849,43.9
Belgium_2003,Belgium,2003,0.00692,22.6,44.2,0.1563679245283019,44.2
Belgium_2004,Belgium,2004,0.00685,23.5,45.5,0.16096698113207542,45.49999999999999
Belgium_2005,Belgium,2005,0.00685,23.9,46.3,0.16379716981132073,46.29999999999999
Belgium_2006,Belgium,2006,0.00687,24.3,47.2,0.1669811320754717,47.2
Belgium_2007,Belgium,2007,0.00688,25,48.6,0.17193396226415092,48.6
Belgium_2008,Belgium,2008,0.00669,25.6,48.4,0.17122641509433958,48.39999999999999
Belgium_2009,Belgium,2009,0.00697,23.9,47.1,0.166627358490566,47.099999999999994
Belgium_2010,Belgium,2010,0.00742,22.9,48,0.16981132075471697,48
Belgium_2011,Belgium,2011,0.00765,22.3,48.2,0.17051886792452828,48.2
Belgium_2012,Belgium,2012,0.00758,22.5,48.2,0.17051886792452828,48.2
Belgium_2013,Belgium,2013,0.00745,22.9,48.2,0.17051886792452828,48.2
Belgium_2014,Belgium,2014,0.00746,23.1,48.7,0.17228773584905657,48.699999999999996
Belgium_2015,Belgium,2015,0.00748,23.4,49.5,0.17511792452830185,49.5
Bulgaria_2006,Bulgaria,2006,0.00511,11,15.9,0.056249999999999994,15.899999999999999
Bulgaria_2007,Bulgaria,2007,0.00513,11.8,17.1,0.06049528301886792,17.1
Bulgaria_2008,Bulgaria,2008,0.00498,13,18.3,0.06474056603773584,18.299999999999997
Bulgaria_2009,Bulgaria,2009,0.00543,11.6,17.8,0.06297169811320753,17.799999999999997
Bulgaria_2010,Bulgaria,2010,0.00602,10.7,18.2,0.06438679245283017,18.2
Bulgaria_2011,Bulgaria,2011,0.00575,11.5,18.7,0.06615566037735848,18.7
Bulgaria_2012,Bulgaria,2012,0.00597,11.2,18.9,0.06686320754716979,18.899999999999995
Bulgaria_2013,Bulgaria,2013,0.00608,11,18.9,0.06686320754716979,18.899999999999995
Bulgaria_2014,Bulgaria,2014,0.00591,11.5,19.2,0.06792452830188678,19.199999999999996
Canada_1990,Canada,1990,0.00346,35.4,34.6,0.12240566037735848,34.6
Canada_1991,Canada,1991,0.00346,34.3,33.5,0.1185141509433962,33.49999999999999
Canada_1992,Canada,1992,0.00353,33.5,33.4,0.11816037735849054,33.39999999999999
Canada_1993,Canada,1993,0.00371,32.3,33.9,0.11992924528301883,33.89999999999999
Canada_1994,Canada,1994,0.00388,32,35.1,0.12417452830188677,35.099999999999994
Canada_1995,Canada,1995,0.00405,31.1,35.6,0.12594339622641507,35.599999999999994
Canada_1996,Canada,1996,0.00424,29.9,35.8,0.1266509433962264,35.8
Canada_1997,Canada,1997,0.00388,31,34,0.12028301886792452,34
Canada_1998,Canada,1998,0.00401,30.6,34.7,0.12275943396226413,34.699999999999996
Canada_1999,Canada,1999,0.00428,29.6,35.8,0.1266509433962264,35.8
Canada_2000,Canada,2000,0.0044,29.9,37.2,0.13160377358490563,37.199999999999996
Canada_2001,Canada,2001,0.00465,28.4,37.3,0.13195754716981128,37.3
Canada_2002,Canada,2002,0.00473,28.6,38.2,0.13514150943396225,38.2
Canada_2003,Canada,2003,0.00457,30.4,39.3,0.1390330188679245,39.29999999999999
Canada_2004,Canada,2004,0.00457,31.3,40.4,0.14292452830188676,40.4
Canada_2005,Canada,2005,0.00464,32,42,0.14858490566037735,42
Chile_1990,Chile,1990,0.00361,9.66,9.85,0.03484669811320754,9.85
Chile_1991,Chile,1991,0.00323,11.4,10.4,0.03679245283018868,10.4
Chile_1992,Chile,1992,0.00351,11.5,11.4,0.04033018867924528,11.4
Chile_1993,Chile,1993,0.00337,12.6,12,0.04245283018867924,12
Chile_1994,Chile,1994,0.0034,12.9,12.4,0.04386792452830188,12.399999999999999
Colombia_1992,Colombia,1992,0.0049,6.12,8.48,0.029999999999999995,8.479999999999999
Colombia_1993,Colombia,1993,0.00479,6.48,8.77,0.03102594339622641,8.77
Colombia_1994,Colombia,1994,0.00469,6.87,9.1,0.03219339622641509,9.1
Costa Rica_1990,Costa Rica,1990,0.00663,5.3,9.93,0.03512971698113207,9.93
Costa Rica_1991,Costa Rica,1991,0.0055,6.37,9.9,0.03502358490566037,9.899999999999999
Costa Rica_1992,Costa Rica,1992,0.00694,5.35,10.5,0.03714622641509434,10.5
Costa Rica_1993,Costa Rica,1993,0.00663,5.87,11,0.03891509433962264,11
Costa Rica_1994,Costa Rica,1994,0.00622,6.37,11.2,0.039622641509433953,11.199999999999998
Costa Rica_1995,Costa Rica,1995,0.00647,6.23,11.4,0.04033018867924528,11.4
Croatia_2009,Croatia,2009,0.00535,16.4,24.8,0.08773584905660375,24.799999999999997
Croatia_2010,Croatia,2010,0.00602,14.4,24.5,0.08667452830188678,24.499999999999996
Croatia_2011,Croatia,2011,0.006,14.5,24.6,0.08702830188679245,24.6
Croatia_2012,Croatia,2012,0.00609,14,24.1,0.08525943396226414,24.1
Croatia_2013,Croatia,2013,0.00584,14.6,24.1,0.08525943396226414,24.1
Croatia_2014,Croatia,2014,0.00568,15,24.1,0.08525943396226414,24.1
Croatia_2015,Croatia,2015,0.00576,15.3,24.9,0.08808962264150942,24.9
Croatia_2016,Croatia,2016,0.00584,15.7,25.9,0.09162735849056601,25.899999999999995
Cyprus_2004,Cyprus,2004,0.00314,41.1,36.5,0.129127358490566,36.49999999999999
Cyprus_2005,Cyprus,2005,0.00321,41.6,37.7,0.13337264150943395,37.7
Cyprus_2006,Cyprus,2006,0.00332,41.4,38.8,0.1372641509433962,38.8
Cyprus_2007,Cyprus,2007,0.00325,43.6,40,0.14150943396226412,40
Cyprus_2008,Cyprus,2008,0.0032,44.7,40.4,0.14292452830188676,40.4
Cyprus_2009,Cyprus,2009,0.00374,36.4,38.5,0.13620283018867924,38.5
Cyprus_2010,Cyprus,2010,0.00369,36.7,38.3,0.13549528301886787,38.29999999999999
Cyprus_2011,Cyprus,2011,0.00386,34.4,37.5,0.13266509433962262,37.49999999999999
Cyprus_2012,Cyprus,2012,0.00361,34.9,35.6,0.12594339622641507,35.599999999999994
Cyprus_2013,Cyprus,2013,0.00349,33.9,33.4,0.11816037735849054,33.39999999999999
Cyprus_2014,Cyprus,2014,0.00341,34.3,33.1,0.11709905660377357,33.099999999999994
Cyprus_2015,Cyprus,2015,0.00352,34.7,34.5,0.12205188679245281,34.49999999999999
Cyprus_2016,Cyprus,2016,0.00476,27.1,36.5,0.129127358490566,36.49999999999999
Czechia_1993,Czechia,1993,0.00463,15.9,20.8,0.07358490566037736,20.8
Czechia_1994,Czechia,1994,0.00473,16,21.4,0.0757075471698113,21.4
Czechia_1995,Czechia,1995,0.00492,16.4,22.8,0.08066037735849056,22.8
Czechia_1996,Czechia,1996,0.00492,17.1,23.8,0.084198113207547165,23.8
Czechia_1997,Czechia,1997,0.00527,15.9,23.7,0.08384433962264148,23.699999999999996
Czechia_1998,Czechia,1998,0.00522,16,23.6,0.08349056603773584,23.6
Czechia_1999,Czechia,1999,0.00535,15.8,23.9,0.08455188679245282,23.9
Czechia_2000,Czechia,2000,0.00546,16.2,25,0.08844339622641507,24.999999999999996
Czechia_2001,Czechia,2001,0.00553,16.5,25.8,0.09127358490566037,25.8
Czechia_2002,Czechia,2002,0.00517,18,26.3,0.09304245283018867,26.299999999999997
Czechia_2003,Czechia,2003,0.00517,18.6,27.2,0.09622641509433962,27.2
Czechia_2004,Czechia,2004,0.00499,20.2,28.5,0.10082547169811318,28.499999999999993
Czechia_2005,Czechia,2005,0.00517,20.8,30.4,0.10754716981132072,30.39999999999999
Czechia_2006,Czechia,2006,0.00541,21.2,32.4,0.11462264150943394,32.4
Czechia_2007,Czechia,2007,0.00537,22.4,34,0.12028301886792452,34
Czechia_2008,Czechia,2008,0.00521,23.5,34.6,0.12240566037735848,34.6
Czechia_2009,Czechia,2009,0.00516,22.5,32.8,0.11603773584905656,32.79999999999999
Czechia_2010,Czechia,2010,0.00539,22,33.5,0.1185141509433962,33.49999999999999
Czechia_2011,Czechia,2011,0.00539,22.3,34,0.12028301886792452,34
Czechia_2012,Czechia,2012,0.00532,22.4,33.7,0.11922169811320753,33.699999999999996
Czechia_2013,Czechia,2013,0.00544,21.9,33.7,0.11922169811320753,33.699999999999996
Czechia_2014,Czechia,2014,0.00548,22.2,34.4,0.12169811320754713,34.39999999999999
Czechia_2015,Czechia,2015,0.00569,22.5,36.2,0.12806603773584907,36.2
Czechia_2016,Czechia,2016,0.00577,22.7,37,0.13089622641509432,37
Denmark_1990,Denmark,1990,0.0092,15,39,0.13797169811320753,39
Denmark_1991,Denmark,1991,0.00713,19.6,39.5,0.1397405660377358,39.49999999999999
Denmark_1992,Denmark,1992,0.00839,16.9,40.1,0.1418632075471698,40.1
Denmark_1993,Denmark,1993,0.00818,17.3,40,0.14150943396226412,40
Denmark_1994,Denmark,1994,0.00821,18.1,42,0.14858490566037735,42
Denmark_1995,Denmark,1995,0.00805,18.9,43,0.15212264150943394,42.99999999999999
Denmark_1996,Denmark,1996,0.0086,18.1,44,0.15566037735849056,44
Denmark_1997,Denmark,1997,0.009,17.8,45.3,0.16025943396226414,45.3
Denmark_1998,Denmark,1998,0.00755,21.6,46.1,0.16308962264150942,46.1
Denmark_1999,Denmark,1999,0.00778,21.5,47.3,0.16733490566037731,47.3
Denmark_2000,Denmark,2000,0.00746,23.2,48.9,0.1729952830188679,48.9
Denmark_2001,Denmark,2001,0.00808,21.5,49.1,0.1737028301886792,49.1
Denmark_2002,Denmark,2002,0.0077,22.6,49.2,0.1740566037735849,49.2
Denmark_2003,Denmark,2003,0.00765,22.8,49.3,0.17441037735849052,49.29999999999999
Denmark_2004,Denmark,2004,0.00746,23.9,50.4,0.1783018867924528,50.4
Denmark_2005,Denmark,2005,0.00729,25,51.5,0.18219339622641506,51.49999999999999
Denmark_2006,Denmark,2006,0.0072,26.2,53.3,0.18856132075471693,53.29999999999999
Denmark_2007,Denmark,2007,0.00675,28.1,53.6,0.18962264150943392,53.599999999999994
Denmark_2008,Denmark,2008,0.00672,27.9,53,0.1875,53
Denmark_2009,Denmark,2009,0.00698,25.4,50.1,0.17724056603773583,50.1
Denmark_2010,Denmark,2010,0.00746,24.1,50.8,0.17971698113207546,50.8
Denmark_2011,Denmark,2011,0.00747,24.3,51.3,0.18148584905660375,51.3
Denmark_2012,Denmark,2012,0.00748,24.2,51.2,0.1811320754716981,51.199999999999996
Denmark_2013,Denmark,2013,0.00756,24.1,51.5,0.18219339622641506,51.49999999999999
Denmark_2014,Denmark,2014,0.0076,24.2,52,0.18396226415094336,51.99999999999999
Denmark_2015,Denmark,2015,0.0077,24.3,52.9,0.1871462264150943,52.89999999999999
El Salvador_1991,El Salvador,1991,0.00419,4.47,5.29,0.018714622641509433,5.29
El Salvador_1992,El Salvador,1992,0.00565,3.5,5.59,0.01977594339622641,5.589999999999999
El Salvador_1993,El Salvador,1993,0.0054,3.82,5.83,0.020624999999999998,5.829999999999999
Estonia_2003,Estonia,2003,0.00414,18.9,22.1,0.07818396226415095,22.1
Estonia_2004,Estonia,2004,0.00409,20.5,23.7,0.08384433962264148,23.699999999999996
Estonia_2005,Estonia,2005,0.00403,22.9,26.1,0.09233490566037736,26.1
Estonia_2006,Estonia,2006,0.00409,24.9,28.8,0.10188679245283018,28.799999999999997
Estonia_2007,Estonia,2007,0.00368,29.9,31.1,0.11002358490566036,31.099999999999998
Estonia_2008,Estonia,2008,0.00386,27.1,29.6,0.10471698113207543,29.599999999999994
Estonia_2009,Estonia,2009,0.00374,23.9,25.3,0.08950471698113206,25.299999999999997
Estonia_2010,Estonia,2010,0.00382,24.1,26,0.09198113207547168,25.999999999999996
Estonia_2011,Estonia,2011,0.00396,25,28,0.0990566037735849,28
Estonia_2012,Estonia,2012,0.00404,25.4,29,0.10259433962264149,28.999999999999996
Estonia_2013,Estonia,2013,0.00373,28,29.5,0.1043632075471698,29.499999999999996
Estonia_2014,Estonia,2014,0.00377,28.6,30.5,0.10790094339622638,30.499999999999996
Estonia_2015,Estonia,2015,0.00392,28,31,0.10966981132075469,30.999999999999996
Finland_1990,Finland,1990,0.00585,19.9,32.9,0.11639150943396225,32.9
Finland_1991,Finland,1991,0.00583,18.7,30.8,0.10896226415094337,30.799999999999997
Finland_1992,Finland,1992,0.00382,27.4,29.6,0.10471698113207543,29.599999999999994
Finland_1993,Finland,1993,0.00443,23.4,29.3,0.10365566037735847,29.299999999999997
Finland_1994,Finland,1994,0.00436,24.6,30.3,0.10719339622641508,30.299999999999997
Finland_1995,Finland,1995,0.00457,24.4,31.5,0.11143867924528299,31.499999999999993
Finland_1996,Finland,1996,0.00477,24.1,32.5,0.11497641509433959,32.49999999999999
Finland_1997,Finland,1997,0.00506,24.1,34.5,0.12205188679245281,34.49999999999999
Finland_1998,Finland,1998,0.00498,25.8,36.3,0.12841981132075467,36.29999999999999
Finland_1999,Finland,1999,0.00453,29.5,37.8,0.13372641509433958,37.79999999999999
Finland_2000,Finland,2000,0.00477,29.6,39.9,0.14115566037735847,39.89999999999999
Finland_2001,Finland,2001,0.0043,33.6,40.8,0.1443396226415094,40.79999999999999
Finland_2002,Finland,2002,0.00426,34.4,41.4,0.14646226415094335,41.39999999999999
Finland_2003,Finland,2003,0.00409,36.5,42.2,0.14929245283018863,42.199999999999996
Finland_2004,Finland,2004,0.00414,37.3,43.7,0.15459905660377357,43.7
Finland_2005,Finland,2005,0.00419,37.8,44.8,0.15849056603773581,44.79999999999999
Finland_2006,Finland,2006,0.00424,38.7,46.4,0.16415094339622638,46.4
Finland_2007,Finland,2007,0.00432,39.9,48.7,0.17228773584905657,48.699999999999996
Finland_2008,Finland,2008,0.00442,39.1,48.8,0.17264150943396223,48.79999999999999
Finland_2009,Finland,2009,0.00436,36.3,44.7,0.15813679245283016,44.699999999999996
Finland_2010,Finland,2010,0.00467,34.8,45.9,0.16238207547169808,45.9
Finland_2011,Finland,2011,0.00469,35.3,46.8,0.165566037735849,46.79999999999999
Finland_2012,Finland,2012,0.00465,35,46,0.16273584905660374,45.99999999999999
Finland_2013,Finland,2013,0.00451,35.5,45.3,0.16025943396226414,45.3
Finland_2014,Finland,2014,0.00454,35.1,45,0.15919811320754715,45
France_1990,France,1990,0.00701,17,33.7,0.11922169811320753,33.699999999999996
France_1991,France,1991,0.00689,17.4,33.9,0.11992924528301883,33.89999999999999
France_1992,France,1992,0.0061,19.9,34.3,0.12134433962264149,34.3
France_1993,France,1993,0.00638,18.8,33.9,0.11992924528301883,33.89999999999999
France_1994,France,1994,0.00648,18.9,34.6,0.12240566037735848,34.6
France_1995,France,1995,0.0059,21.1,35.2,0.12452830188679243,35.199999999999996
France_1996,France,1996,0.00658,19.1,35.5,0.1255896226415094,35.5
France_1997,France,1997,0.00721,17.8,36.3,0.12841981132075467,36.29999999999999
France_1998,France,1998,0.00689,19.2,37.4,0.13231132075471697,37.4
France_1999,France,1999,0.00698,19.5,38.5,0.13620283018867924,38.5
France_2000,France,2000,0.00699,20.1,39.7,0.14044811320754716,39.7
France_2001,France,2001,0.00737,19.3,40.2,0.14221698113207545,40.199999999999996
France_2002,France,2002,0.00715,20,40.4,0.14292452830188676,40.4
France_2003,France,2003,0.00687,20.8,40.4,0.14292452830188676,40.4
France_2004,France,2004,0.00676,21.6,41.3,0.1461084905660377,41.3
France_2005,France,2005,0.00675,21.8,41.6,0.1471698113207547,41.6
France_2006,France,2006,0.00679,22.1,42.4,0.14999999999999997,42.39999999999999
France_2007,France,2007,0.00669,22.8,43.1,0.1524764150943396,43.1
France_2008,France,2008,0.00667,22.8,43,0.15212264150943394,42.99999999999999
France_2009,France,2009,0.00667,22,41.5,0.14681603773584903,41.49999999999999
France_2010,France,2010,0.00713,20.9,42.1,0.148938679245283,42.099999999999994
France_2011,France,2011,0.0074,20.5,42.9,0.1517688679245283,42.9
France_2012,France,2012,0.00735,20.6,42.8,0.1514150943396226,42.8
France_2013,France,2013,0.00731,20.7,42.8,0.1514150943396226,42.8
France_2014,France,2014,0.00728,20.9,43,0.15212264150943394,42.99999999999999
Germany_1991,Germany,1991,0.00695,19.5,38.3,0.13549528301886787,38.29999999999999
Germany_1992,Germany,1992,0.00655,20.9,38.7,0.13691037735849054,38.699999999999996
Germany_1993,Germany,1993,0.00681,19.8,38.1,0.13478773584905657,38.099999999999994
Germany_1994,Germany,1994,0.00675,20.4,38.9,0.13761792452830185,38.89999999999999
Germany_1995,Germany,1995,0.007,19.9,39.4,0.13938679245283017,39.4
Germany_1996,Germany,1996,0.0073,19.2,39.6,0.14009433962264148,39.599999999999994
Germany_1997,Germany,1997,0.00769,18.5,40.2,0.14221698113207545,40.199999999999996
Germany_1998,Germany,1998,0.00736,19.7,41,0.14504716981132074,41
Germany_1999,Germany,1999,0.00728,20.3,41.8,0.147877358490566,41.79999999999999
Germany_2000,Germany,2000,0.00751,20.2,42.9,0.1517688679245283,42.9
Germany_2001,Germany,2001,0.00808,19.1,43.6,0.1542452830188679,43.599999999999994
Germany_2002,Germany,2002,0.00812,18.9,43.4,0.15353773584905658,43.4
Germany_2003,Germany,2003,0.00766,19.9,43.1,0.1524764150943396,43.1
Germany_2004,Germany,2004,0.00742,20.8,43.6,0.1542452830188679,43.599999999999994
Germany_2005,Germany,2005,0.0075,20.7,43.9,0.1553066037735849,43.9
Germany_2006,Germany,2006,0.0077,21,45.7,0.16167452830188678,45.699999999999996
Germany_2007,Germany,2007,0.00764,21.8,47.1,0.166627358490566,47.099999999999994
Germany_2008,Germany,2008,0.00765,22,47.6,0.16839622641509433,47.6
Germany_2009,Germany,2009,0.00747,21.3,45,0.15919811320754715,45
Germany_2010,Germany,2010,0.00796,20.9,47,0.16627358490566035,47
Germany_2011,Germany,2011,0.00835,21.1,49.8,0.17617924528301884,49.8
Germany_2012,Germany,2012,0.00817,21.6,49.9,0.1765330188679245,49.89999999999999
Germany_2013,Germany,2013,0.00808,21.9,50,0.17688679245283015,49.99999999999999
Germany_2014,Germany,2014,0.0081,22.2,50.8,0.17971698113207546,50.8
Germany_2015,Germany,2015,0.00801,22.6,51.2,0.1811320754716981,51.199999999999996
Greece_1995,Greece,1995,0.00344,25.6,24.9,0.08808962264150942,24.9
Greece_1996,Greece,1996,0.00343,26.3,25.5,0.09021226415094337,25.499999999999996
Greece_1997,Greece,1997,0.00343,27.3,26.5,0.09375,26.5
Greece_1998,Greece,1998,0.0033,29.4,27.4,0.09693396226415092,27.399999999999995
Greece_1999,Greece,1999,0.00325,30.6,28.1,0.09941037735849055,28.099999999999998
Greece_2000,Greece,2000,0.00321,32.1,29.1,0.10294811320754714,29.099999999999994
Greece_2001,Greece,2001,0.00334,32,30.2,0.10683962264150941,30.199999999999996
Greece_2002,Greece,2002,0.00338,32.8,31.3,0.11073113207547168,31.299999999999997
Greece_2003,Greece,2003,0.00337,34.6,33,0.11674528301886788,32.99999999999999
Greece_2004,Greece,2004,0.0034,36,34.6,0.12240566037735848,34.6
Greece_2005,Greece,2005,0.00341,36,34.7,0.12275943396226413,34.699999999999996
Greece_2006,Greece,2006,0.00362,35.7,36.5,0.129127358490566,36.49999999999999
Greece_2007,Greece,2007,0.0036,37,37.6,0.13301886792452827,37.599999999999994
Greece_2008,Greece,2008,0.00355,37.3,37.4,0.13231132075471697,37.4
Greece_2009,Greece,2009,0.00371,34,35.7,0.12629716981132075,35.699999999999996
Greece_2010,Greece,2010,0.00395,30.2,33.7,0.11922169811320753,33.699999999999996
Greece_2011,Greece,2011,0.0038,28.2,30.3,0.10719339622641508,30.299999999999997
Greece_2012,Greece,2012,0.00359,27.9,28.3,0.10011792452830187,28.299999999999997
Greece_2013,Greece,2013,0.00375,26.2,27.8,0.09834905660377358,27.8
Greece_2014,Greece,2014,0.00379,26.2,28.1,0.09941037735849055,28.099999999999998
Greece_2015,Greece,2015,0.00382,26.2,28.3,0.10011792452830187,28.299999999999997
Hungary_2004,Hungary,2004,0.00538,15.4,23.4,0.0827830188679245,23.399999999999995
Hungary_2005,Hungary,2005,0.00511,16.9,24.4,0.08632075471698111,24.399999999999995
Hungary_2006,Hungary,2006,0.00595,15.1,25.4,0.08985849056603773,25.4
Hungary_2007,Hungary,2007,0.00605,14.9,25.5,0.09021226415094337,25.499999999999996
Hungary_2008,Hungary,2008,0.00567,16.1,25.8,0.09127358490566037,25.8
Hungary_2009,Hungary,2009,0.0059,14.5,24.2,0.08561320754716979,24.199999999999996
Hungary_2010,Hungary,2010,0.00657,13.2,24.5,0.08667452830188678,24.499999999999996
Hungary_2011,Hungary,2011,0.0067,13.2,25,0.08844339622641507,24.999999999999996
Hungary_2012,Hungary,2012,0.00702,12.5,24.8,0.08773584905660375,24.799999999999997
Hungary_2013,Hungary,2013,0.00683,13.1,25.3,0.08950471698113206,25.299999999999997
Hungary_2014,Hungary,2014,0.00665,14.1,26.5,0.09375,26.5
Hungary_2015,Hungary,2015,0.0068,14.3,27.5,0.09728773584905659,27.5
Hungary_2016,Hungary,2016,0.00683,14.6,28.2,0.09976415094339619,28.199999999999992
Iceland_2003,Iceland,2003,0.00389,39.2,43.1,0.1524764150943396,43.1
Iceland_2004,Iceland,2004,0.00364,44.8,46.1,0.16308962264150942,46.1
Iceland_2005,Iceland,2005,0.00308,55.3,48.1,0.17016509433962262,48.1
Iceland_2006,Iceland,2006,0.00297,59.6,50,0.17688679245283015,49.99999999999999
Iceland_2007,Iceland,2007,0.00324,57.6,52.8,0.18679245283018864,52.8
Iceland_2008,Iceland,2008,0.00426,44,53,0.1875,53
Iceland_2009,Iceland,2009,0.00548,31.5,48.8,0.17264150943396223,48.79999999999999
Iceland_2010,Iceland,2010,0.00537,31.3,47.5,0.16804245283018868,47.5
Iceland_2011,Iceland,2011,0.00517,33,48.2,0.17051886792452828,48.2
Iceland_2012,Iceland,2012,0.00513,33.4,48.4,0.17122641509433958,48.39999999999999
Iceland_2013,Iceland,2013,0.00529,33.6,50.2,0.17759433962264148,50.199999999999996
Iceland_2014,Iceland,2014,0.00529,33.8,50.5,0.17865566037735847,50.5
Iceland_2015,Iceland,2015,0.00541,34.1,52.1,0.18431603773584904,52.099999999999994
Iceland_2016,Iceland,2016,0.00563,34.4,54.7,0.19351415094339622,54.7
Ireland_1990,Ireland,1990,0.00697,13.4,26.4,0.09339622641509432,26.4
Ireland_1991,Ireland,1991,0.00582,16.3,26.8,0.09481132075471696,26.799999999999997
Ireland_1992,Ireland,1992,0.00685,14.2,27.5,0.09728773584905659,27.5
Ireland_1993,Ireland,1993,0.00747,13.3,28.1,0.09941037735849055,28.099999999999998
Ireland_1994,Ireland,1994,0.00727,14.4,29.6,0.10471698113207543,29.599999999999994
Ireland_1995,Ireland,1995,0.00719,15.9,32.3,0.11426886792452826,32.29999999999999
Ireland_1996,Ireland,1996,0.00742,16.4,34.4,0.12169811320754713,34.39999999999999
Ireland_1997,Ireland,1997,0.0076,17.6,37.8,0.13372641509433958,37.79999999999999
Ireland_1998,Ireland,1998,0.00731,19.7,40.7,0.14398584905660378,40.7
Ireland_1999,Ireland,1999,0.00753,20.9,44.5,0.15742924528301883,44.49999999999999
Ireland_2000,Ireland,2000,0.00748,22.7,48,0.16981132075471697,48
Ireland_2001,Ireland,2001,0.00837,21,49.7,0.1758254716981132,49.699999999999996
Ireland_2002,Ireland,2002,0.00825,22.2,51.8,0.18325471698113202,51.79999999999999
Ireland_2003,Ireland,2003,0.00767,24.2,52.5,0.18573113207547168,52.5
Ireland_2004,Ireland,2004,0.00748,26,55,0.19457547169811318,55
Ireland_2005,Ireland,2005,0.00714,28.2,56.9,0.20129716981132068,56.899999999999984
Ireland_2006,Ireland,2006,0.0071,29,58.2,0.20589622641509428,58.19999999999999
Ireland_2007,Ireland,2007,0.00746,28.2,59.5,0.21049528301886788,59.49999999999999
Ireland_2008,Ireland,2008,0.00711,27.7,55.7,0.19705188679245284,55.7
Ireland_2009,Ireland,2009,0.00826,22.4,52.3,0.18502358490566032,52.29999999999999
Ireland_2010,Ireland,2010,0.0088,21.3,53,0.1875,53
Ireland_2011,Ireland,2011,0.0092,20.5,53.3,0.18856132075471693,53.29999999999999
Ireland_2012,Ireland,2012,0.00919,20.4,53,0.1875,53
Ireland_2013,Ireland,2013,0.00917,20.6,53.4,0.1889150943396226,53.4
Israel_1995,Israel,1995,0.00359,25.8,26.2,0.09268867924528301,26.2
Israel_1996,Israel,1996,0.00366,26.2,27.1,0.09587264150943395,27.099999999999998
Israel_1997,Israel,1997,0.00386,25.2,27.5,0.09728773584905659,27.5
Israel_1998,Israel,1998,0.00353,28.1,28,0.0990566037735849,28
Israel_1999,Israel,1999,0.00368,27.1,28.2,0.09976415094339619,28.199999999999992
Israel_2000,Israel,2000,0.00393,26.9,29.9,0.10577830188679242,29.899999999999995
Israel_2001,Israel,2001,0.00403,25.7,29.3,0.10365566037735847,29.299999999999997
Israel_2002,Israel,2002,0.00392,25.8,28.6,0.10117924528301885,28.599999999999994
Israel_2003,Israel,2003,0.0044,22.9,28.5,0.10082547169811318,28.499999999999993
Israel_2004,Israel,2004,0.00521,19.9,29.3,0.10365566037735847,29.299999999999997
Israel_2005,Israel,2005,0.00489,21.7,30,0.10613207547169808,29.999999999999993
Israel_2006,Israel,2006,0.00495,22.3,31.2,0.110377358490566,31.199999999999992
Israel_2007,Israel,2007,0.00496,23.2,32.5,0.11497641509433959,32.49999999999999
Israel_2008,Israel,2008,0.00519,22.5,33,0.11674528301886788,32.99999999999999
Israel_2009,Israel,2009,0.00527,21.9,32.6,0.11533018867924526,32.599999999999994
Israel_2010,Israel,2010,0.00528,22.7,33.9,0.11992924528301883,33.89999999999999
Israel_2011,Israel,2011,0.00522,23.8,35.1,0.12417452830188677,35.099999999999994
Israel_2012,Israel,2012,0.00531,23.6,35.4,0.12523584905660373,35.39999999999999
Israel_2013,Israel,2013,0.00539,23.9,36.4,0.12877358490566035,36.4
Israel_2014,Israel,2014,0.00553,23.8,37.2,0.13160377358490563,37.199999999999996
Israel_2015,Israel,2015,0.00554,23.8,37.3,0.13195754716981128,37.3
Italy_1990,Italy,1990,0.00835,15.5,36.6,0.12948113207547168,36.599999999999994
Italy_1991,Italy,1991,0.00795,16.5,37.1,0.13124999999999998,37.099999999999994
Italy_1992,Italy,1992,0.00672,19.7,37.4,0.13231132075471697,37.4
Italy_1993,Italy,1993,0.00795,16.5,37.1,0.13124999999999998,37.099999999999994
Italy_1994,Italy,1994,0.00803,16.7,37.9,0.13408018867924526,37.9
Italy_1995,Italy,1995,0.00805,17.1,38.9,0.13761792452830185,38.89999999999999
Italy_1996,Italy,1996,0.0082,17,39.4,0.13938679245283017,39.4
Italy_1997,Italy,1997,0.00811,17.5,40.1,0.1418632075471698,40.1
Italy_1998,Italy,1998,0.0078,18.5,40.8,0.1443396226415094,40.79999999999999
Italy_1999,Italy,1999,0.00765,19.2,41.5,0.14681603773584903,41.49999999999999
Italy_2000,Italy,2000,0.00786,19.4,43.1,0.1524764150943396,43.1
Italy_2001,Italy,2001,0.00805,19.3,43.9,0.1553066037735849,43.9
Italy_2002,Italy,2002,0.00765,20.3,43.9,0.1553066037735849,43.9
Italy_2003,Italy,2003,0.00708,21.9,43.8,0.1549528301886792,43.79999999999999
Italy_2004,Italy,2004,0.00684,22.8,44.1,0.15601415094339618,44.099999999999994
Italy_2005,Italy,2005,0.00676,23.2,44.3,0.15672169811320752,44.3
Italy_2006,Italy,2006,0.00659,24.1,44.9,0.1588443396226415,44.9
Italy_2007,Italy,2007,0.0065,24.7,45.4,0.16061320754716976,45.39999999999999
Italy_2008,Italy,2008,0.00652,24.2,44.6,0.1577830188679245,44.6
Italy_2009,Italy,2009,0.00653,22.8,42.1,0.148938679245283,42.099999999999994
Italy_2010,Italy,2010,0.0068,22.2,42.7,0.15106132075471695,42.699999999999996
Italy_2011,Italy,2011,0.0074400000000000004,20.4,42.9,0.1517688679245283,42.9
Italy_2012,Italy,2012,0.00713,20.6,41.5,0.14681603773584903,41.49999999999999
Italy_2013,Italy,2013,0.00702,20.3,40.3,0.14257075471698108,40.29999999999998
Italy_2014,Italy,2014,0.00689,20.5,39.9,0.14115566037735847,39.89999999999999
Italy_2015,Italy,2015,0.0068,20.9,40.2,0.14221698113207545,40.199999999999996
Japan_2008,Japan,2008,0.00526,26.1,38.8,0.1372641509433962,38.8
Japan_2009,Japan,2009,0.00551,23.5,36.6,0.12948113207547168,36.599999999999994
Japan_2010,Japan,2010,0.00562,24,38.1,0.13478773584905657,38.099999999999994
Japan_2011,Japan,2011,0.00524,25.7,38.1,0.13478773584905657,38.099999999999994
Japan_2012,Japan,2012,0.00513,26.7,38.7,0.13691037735849054,38.699999999999996
Japan_2013,Japan,2013,0.00552,25.4,39.6,0.14009433962264148,39.599999999999994
Jordan_2008,Jordan,2008,0.00519,7.97,11.7,0.04139150943396225,11.699999999999998
Jordan_2009,Jordan,2009,0.00527,7.85,11.7,0.04139150943396225,11.699999999999998
Jordan_2010,Jordan,2010,0.00476,8.4,11.3,0.03997641509433962,11.3
Kazakhstan_2000,Kazakhstan,2000,0.00314,11.6,10.3,0.03643867924528302,10.3
Kazakhstan_2001,Kazakhstan,2001,0.003,13.8,11.7,0.04139150943396225,11.699999999999998
Kazakhstan_2002,Kazakhstan,2002,0.00328,13.8,12.8,0.045283018867924525,12.799999999999999
Kazakhstan_2003,Kazakhstan,2003,0.00349,14.2,14,0.04952830188679245,14
Kazakhstan_2004,Kazakhstan,2004,0.00373,14.4,15.2,0.05377358490566036,15.199999999999996
Kazakhstan_2005,Kazakhstan,2005,0.00394,14.8,16.5,0.05837264150943394,16.499999999999996
Kazakhstan_2006,Kazakhstan,2006,0.00386,16.6,18.1,0.06403301886792453,18.1
Kazakhstan_2007,Kazakhstan,2007,0.00367,18.8,19.5,0.06898584905660377,19.5
Kazakhstan_2008,Kazakhstan,2008,0.00417,16.8,19.8,0.07004716981132074,19.799999999999997
Kazakhstan_2009,Kazakhstan,2009,0.0039,17.8,19.6,0.06933962264150942,19.599999999999998
Kazakhstan_2010,Kazakhstan,2010,0.00438,16.8,20.8,0.07358490566037736,20.8
Kazakhstan_2011,Kazakhstan,2011,0.0043,18.1,22,0.07783018867924528,22
Kazakhstan_2012,Kazakhstan,2012,0.00484,16.6,22.7,0.08030660377358488,22.699999999999996
Kazakhstan_2013,Kazakhstan,2013,0.00458,18.3,23.7,0.08384433962264148,23.699999999999996
Kazakhstan_2014,Kazakhstan,2014,0.00485,17.8,24.4,0.08632075471698111,24.399999999999995
Kazakhstan_2015,Kazakhstan,2015,0.00483,17.8,24.3,0.08596698113207546,24.3
Kyrgyzstan_2000,Kyrgyzstan,2000,0.0018,6.06,3.08,0.01089622641509434,3.08
Kyrgyzstan_2001,Kyrgyzstan,2001,0.0019,5.97,3.21,0.011356132075471696,3.2099999999999995
Kyrgyzstan_2002,Kyrgyzstan,2002,0.00179,6.27,3.18,0.01125,3.18
Kyrgyzstan_2003,Kyrgyzstan,2003,0.00175,6.8,3.37,0.011922169811320753,3.37
Kyrgyzstan_2004,Kyrgyzstan,2004,0.00178,7.06,3.56,0.012594339622641506,3.5599999999999996
Kyrgyzstan_2005,Kyrgyzstan,2005,0.00177,7.04,3.52,0.012452830188679242,3.5199999999999996
Kyrgyzstan_2006,Kyrgyzstan,2006,0.00175,7.25,3.59,0.012700471698113204,3.5899999999999994
Kyrgyzstan_2007,Kyrgyzstan,2007,0.00174,7.85,3.86,0.013655660377358486,3.859999999999999
Kyrgyzstan_2008,Kyrgyzstan,2008,0.00169,8.65,4.14,0.014646226415094336,4.139999999999999
Kyrgyzstan_2009,Kyrgyzstan,2009,0.00195,7.64,4.21,0.014893867924528298,4.209999999999999
Kyrgyzstan_2010,Kyrgyzstan,2010,0.0019,7.69,4.14,0.014646226415094336,4.139999999999999
Kyrgyzstan_2011,Kyrgyzstan,2011,0.00185,8.28,4.34,0.015353773584905658,4.34
Kyrgyzstan_2012,Kyrgyzstan,2012,0.00182,8.28,4.26,0.015070754716981126,4.259999999999999
Kyrgyzstan_2013,Kyrgyzstan,2013,0.0019,8.64,4.63,0.016379716981132074,4.63
Kyrgyzstan_2014,Kyrgyzstan,2014,0.00193,8.67,4.72,0.016698113207547164,4.719999999999999
Kyrgyzstan_2015,Kyrgyzstan,2015,0.002,8.52,4.81,0.017016509433962258,4.809999999999999
Latvia_2004,Latvia,2004,0.00537,12,18.2,0.06438679245283017,18.2
Latvia_2005,Latvia,2005,0.00528,13.6,20.3,0.07181603773584903,20.299999999999994
Latvia_2006,Latvia,2006,0.00509,16,23,0.08136792452830187,22.999999999999996
Latvia_2007,Latvia,2007,0.00463,19.5,25.5,0.09021226415094337,25.499999999999996
Latvia_2008,Latvia,2008,0.00471,18.7,24.9,0.08808962264150942,24.9
Latvia_2009,Latvia,2009,0.00512,15,21.7,0.07676886792452829,21.7
Latvia_2010,Latvia,2010,0.00493,15.2,21.2,0.07499999999999998,21.199999999999996
Latvia_2011,Latvia,2011,0.00452,17.3,22.1,0.07818396226415095,22.1
Latvia_2012,Latvia,2012,0.00459,18.5,24,0.08490566037735849,24
Latvia_2013,Latvia,2013,0.0046,19,24.7,0.08738207547169811,24.700000000000003
Latvia_2014,Latvia,2014,0.0043,20.9,25.4,0.08985849056603773,25.4
Latvia_2015,Latvia,2015,0.00434,21.7,26.6,0.09410377358490564,26.599999999999998
Lithuania_2004,Lithuania,2004,0.00316,21.5,19.2,0.06792452830188678,19.199999999999996
Lithuania_2005,Lithuania,2005,0.0032,23.3,21.1,0.07464622641509432,21.099999999999998
Lithuania_2006,Lithuania,2006,0.0032,25.4,23,0.08136792452830187,22.999999999999996
Lithuania_2007,Lithuania,2007,0.00305,29.9,25.8,0.09127358490566037,25.8
Lithuania_2008,Lithuania,2008,0.00304,31.2,26.8,0.09481132075471696,26.799999999999997
Lithuania_2009,Lithuania,2009,0.00317,25.8,23.1,0.08172169811320755,23.1
Lithuania_2010,Lithuania,2010,0.00323,26.2,23.9,0.08455188679245282,23.9
Lithuania_2011,Lithuania,2011,0.00317,29,26,0.09198113207547168,25.999999999999996
Lithuania_2012,Lithuania,2012,0.00318,30.4,27.3,0.09658018867924528,27.300000000000004
Lithuania_2013,Lithuania,2013,0.00313,32.3,28.6,0.10117924528301885,28.599999999999994
Lithuania_2014,Lithuania,2014,0.00314,33.7,29.9,0.10577830188679242,29.899999999999995
Lithuania_2015,Lithuania,2015,0.00311,34.9,30.7,0.1086084905660377,30.699999999999996
Lithuania_2016,Lithuania,2016,0.00318,35.5,31.9,0.11285377358490561,31.89999999999999
Luxembourg_2002,Luxembourg,2002,0.00414,88,103,0.3643867924528301,102.99999999999999
Luxembourg_2003,Luxembourg,2003,0.00412,90.2,105,0.37146226415094336,105
Luxembourg_2004,Luxembourg,2004,0.00391,97.8,108,0.3820754716981132,108
Luxembourg_2005,Luxembourg,2005,0.00378,102,109,0.38561320754716977,108.99999999999999
Luxembourg_2006,Luxembourg,2006,0.00388,103,113,0.3997641509433961,112.99999999999999
Luxembourg_2007,Luxembourg,2007,0.004,107,121,0.4280660377358489,120.99999999999997
Luxembourg_2008,Luxembourg,2008,0.00398,105,118,0.4174528301886792,117.99999999999999
Luxembourg_2009,Luxembourg,2009,0.00409,96.9,112,0.3962264150943396,112
Luxembourg_2010,Luxembourg,2010,0.00405,99.6,114,0.4033018867924527,113.99999999999997
Luxembourg_2011,Luxembourg,2011,0.00367,109,113,0.3997641509433961,112.99999999999999
Luxembourg_2012,Luxembourg,2012,0.00385,103,112,0.3962264150943396,112
Luxembourg_2013,Luxembourg,2013,0.00377,106,113,0.3997641509433961,112.99999999999999
Luxembourg_2014,Luxembourg,2014,0.00381,105,113,0.3997641509433961,112.99999999999999
Luxembourg_2015,Luxembourg,2015,0.00381,105,113,0.3997641509433961,112.99999999999999
Malaysia_2007,Malaysia,2007,0.00338,20.4,19.5,0.06898584905660377,19.5
Malaysia_2008,Malaysia,2008,0.00345,20.6,20.1,0.07110849056603773,20.099999999999998
Malaysia_2009,Malaysia,2009,0.00341,20.1,19.4,0.0686320754716981,19.4
Malaysia_2010,Malaysia,2010,0.00344,21.1,20.5,0.07252358490566037,20.5
Malaysia_2011,Malaysia,2011,0.00346,21.8,21.3,0.07535377358490566,21.3
Malaysia_2012,Malaysia,2012,0.00344,22.7,22.1,0.07818396226415095,22.1
Malaysia_2013,Malaysia,2013,0.00339,23.9,22.9,0.08101415094339622,22.9
Malaysia_2014,Malaysia,2014,0.0036,23.5,23.9,0.08455188679245282,23.9
Malta_2006,Malta,2006,0.00342,30.6,29.6,0.10471698113207543,29.599999999999994
Malta_2007,Malta,2007,0.00354,30.9,30.9,0.10931603773584903,30.89999999999999
Malta_2008,Malta,2008,0.00364,31,31.9,0.11285377358490561,31.89999999999999
Malta_2009,Malta,2009,0.00429,25.8,31.3,0.11073113207547168,31.299999999999997
Malta_2010,Malta,2010,0.00449,25.9,32.9,0.11639150943396225,32.9
Malta_2011,Malta,2011,0.00451,25.8,32.9,0.11639150943396225,32.9
Malta_2012,Malta,2012,0.00472,25.4,33.9,0.11992924528301883,33.89999999999999
Malta_2013,Malta,2013,0.00469,26.6,35.3,0.12488207547169806,35.29999999999999
Malta_2014,Malta,2014,0.00497,26.5,37.2,0.13160377358490563,37.199999999999996
Malta_2015,Malta,2015,0.00527,26.7,39.8,0.1408018867924528,39.8
Mexico_1990,Mexico,1990,0.00644,8.19,14.9,0.052712264150943385,14.899999999999999
Mexico_1991,Mexico,1991,0.00631,8.58,15.3,0.05412735849056603,15.299999999999999
Mexico_1992,Mexico,1992,0.00613,9.01,15.6,0.055188679245283,15.599999999999996
Mexico_1993,Mexico,1993,0.0061,9.04,15.6,0.055188679245283,15.599999999999996
Mexico_1994,Mexico,1994,0.00603,9.45,16.1,0.05695754716981131,16.099999999999998
Mexico_1995,Mexico,1995,0.00689,7.6,14.8,0.05235849056603772,14.799999999999997
Moldova_1997,Moldova,1997,0.24233,0.08,5.48,0.019386792452830186,5.4799999999999995
Moldova_1998,Moldova,1998,0.36226,0.05,5.12,0.01811320754716981,5.12
Moldova_1999,Moldova,1999,0.43868,0.04,4.96,0.017547169811320755,4.96
Moldova_2000,Moldova,2000,0.35873,0.05,5.07,0.017936320754716975,5.069999999999999
Moldova_2001,Moldova,2001,0.47759,0.04,5.4,0.01910377358490566,5.4
Moldova_2002,Moldova,2002,0.06066,0.34,5.83,0.020624999999999998,5.829999999999999
Moldova_2003,Moldova,2003,0.4408,0.05,6.23,0.02204009433962264,6.23
Moldova_2004,Moldova,2004,0.33912,0.07,6.71,0.02373820754716981,6.71
Moldova_2005,Moldova,2005,0.05329,0.48,7.23,0.025577830188679238,7.229999999999999
Moldova_2006,Moldova,2006,0.11203,0.24,7.6,0.02688679245283018,7.599999999999998
Moldova_2007,Moldova,2007,0.13886,0.2,7.85,0.02777122641509433,7.849999999999998
Moldova_2008,Moldova,2008,0.06514,0.46,8.47,0.029964622641509432,8.47
Moldova_2009,Moldova,2009,0.05536,0.51,7.98,0.028231132075471694,7.9799999999999995
Moldova_2010,Moldova,2010,0.04384,0.69,8.55,0.03024764150943396,8.55
Moldova_2011,Moldova,2011,0.0348,0.92,9.05,0.03201650943396227,9.05
Moldova_2012,Moldova,2012,0.05307,0.6,9,0.03183962264150943,8.999999999999998
Moldova_2013,Moldova,2013,0.01096,3.17,9.82,0.034740566037735836,9.819999999999999
Moldova_2014,Moldova,2014,0.01062,3.43,10.3,0.03643867924528302,10.3
Moldova_2015,Moldova,2015,0.01039,3.54,10.4,0.03679245283018868,10.4
Moldova_2016,Moldova,2016,0.01054,3.66,10.9,0.03856132075471697,10.899999999999999
Mongolia_2016,Mongolia,2016,0.0029,13.4,11,0.03891509433962264,11
North Macedonia_2009,North Macedonia,2009,0.00386,12,13.1,0.046344339622641506,13.1
North Macedonia_2010,North Macedonia,2010,0.00412,11.6,13.5,0.04775943396226415,13.5
North Macedonia_2011,North Macedonia,2011,0.00367,13.3,13.8,0.04882075471698113,13.8
North Macedonia_2012,North Macedonia,2012,0.00376,12.9,13.7,0.04846698113207546,13.699999999999998
North Macedonia_2013,North Macedonia,2013,0.00381,13.1,14.1,0.049882075471698095,14.099999999999996
Norway_1990,Norway,1990,0.00699,21.3,42.1,0.148938679245283,42.099999999999994
Norway_1991,Norway,1991,0.00639,23.9,43.2,0.15283018867924528,43.2
Norway_1992,Norway,1992,0.0062,25.4,44.5,0.15742924528301883,44.49999999999999
Norway_1993,Norway,1993,0.00634,25.4,45.5,0.16096698113207542,45.49999999999999
Norway_1994,Norway,1994,0.00639,26.3,47.5,0.16804245283018868,47.5
Norway_1995,Norway,1995,0.00637,27.4,49.3,0.17441037735849052,49.29999999999999
Norway_1996,Norway,1996,0.00626,29.1,51.5,0.18219339622641506,51.49999999999999
Norway_1997,Norway,1997,0.00638,29.9,53.9,0.1906839622641509,53.89999999999999
Norway_1998,Norway,1998,0.00584,33.3,55,0.19457547169811318,55
Norway_1999,Norway,1999,0.00622,31.7,55.7,0.19705188679245284,55.7
Norway_2000,Norway,2000,0.00652,31,57.1,0.20200471698113204,57.099999999999994
Norway_2001,Norway,2001,0.00677,30.3,58,0.20518867924528297,57.99999999999999
Norway_2002,Norway,2002,0.00665,31.1,58.5,0.20695754716981127,58.499999999999986
Norway_2003,Norway,2003,0.00668,31.1,58.7,0.2076650943396226,58.699999999999996
Norway_2004,Norway,2004,0.00665,32.3,60.7,0.2147405660377358,60.699999999999996
Norway_2005,Norway,2005,0.00656,33.4,61.9,0.2189858490566037,61.89999999999999
Norway_2006,Norway,2006,0.00659,33.7,62.8,0.22216981132075464,62.79999999999998
Norway_2007,Norway,2007,0.00613,37,64.1,0.22676886792452822,64.09999999999998
Norway_2008,Norway,2008,0.00613,36.7,63.6,0.22499999999999998,63.599999999999994
Norway_2009,Norway,2009,0.00659,33.1,61.7,0.21827830188679243,61.699999999999996
Norway_2010,Norway,2010,0.00633,34.3,61.4,0.2172169811320754,61.39999999999999
Norway_2011,Norway,2011,0.00617,35.1,61.2,0.21650943396226413,61.199999999999996
Norway_2012,Norway,2012,0.00604,36.3,62,0.21933962264150939,61.99999999999999
Norway_2013,Norway,2013,0.0059,37.1,61.9,0.2189858490566037,61.89999999999999
Norway_2014,Norway,2014,0.00593,37.2,62.4,0.220754716981132,62.399999999999984
Norway_2015,Norway,2015,0.00593,37.6,63,0.22287735849056597,62.999999999999986
Poland_2004,Poland,2004,0.00362,17.9,18.3,0.06474056603773584,18.299999999999997
Poland_2005,Poland,2005,0.00359,18.6,18.9,0.06686320754716979,18.899999999999995
Poland_2006,Poland,2006,0.0038,18.7,20.1,0.07110849056603773,20.099999999999998
Poland_2007,Poland,2007,0.00355,21.4,21.5,0.07606132075471697,21.499999999999996
Poland_2008,Poland,2008,0.00364,21.8,22.4,0.079245283018867907,22.399999999999995
Poland_2009,Poland,2009,0.00405,20.2,23.1,0.08172169811320755,23.1
Poland_2010,Poland,2010,0.00393,21.6,24,0.08490566037735849,24
Poland_2011,Poland,2011,0.00376,23.6,25.1,0.08879716981132074,25.099999999999998
Poland_2012,Poland,2012,0.00401,22.5,25.5,0.09021226415094337,25.499999999999996
Poland_2013,Poland,2013,0.00409,22.3,25.8,0.09127358490566037,25.8
Poland_2014,Poland,2014,0.00415,22.7,26.6,0.09410377358490564,26.599999999999998
Poland_2015,Poland,2015,0.00424,23.2,27.8,0.09834905660377358,27.8
Portugal_2003,Portugal,2003,0.00491,21.9,30.4,0.10754716981132072,30.39999999999999
Portugal_2004,Portugal,2004,0.00471,23.2,30.9,0.10931603773584903,30.89999999999999
Portugal_2005,Portugal,2005,0.00485,22.7,31.1,0.11002358490566036,31.099999999999998
Portugal_2006,Portugal,2006,0.005,22.3,31.5,0.11143867924528299,31.499999999999993
Portugal_2007,Portugal,2007,0.00534,21.4,32.3,0.11426886792452826,32.29999999999999
Portugal_2008,Portugal,2008,0.00542,21.1,32.3,0.11426886792452826,32.29999999999999
Portugal_2009,Portugal,2009,0.00589,18.8,31.3,0.11073113207547168,31.299999999999997
Portugal_2010,Portugal,2010,0.00574,19.6,31.8,0.11249999999999999,31.799999999999997
Portugal_2011,Portugal,2011,0.00608,18.2,31.3,0.11073113207547168,31.299999999999997
Portugal_2012,Portugal,2012,0.00597,17.9,30.2,0.10683962264150941,30.199999999999996
Portugal_2013,Portugal,2013,0.0058,18.3,30,0.10613207547169808,29.999999999999993
Portugal_2014,Portugal,2014,0.00588,18.3,30.4,0.10754716981132072,30.39999999999999
Romania_2006,Romania,2006,0.00495,13,18.2,0.06438679245283017,18.2
Romania_2007,Romania,2007,0.005,14,19.8,0.07004716981132074,19.799999999999997
Romania_2008,Romania,2008,0.00486,16,22,0.07783018867924528,22
Romania_2009,Romania,2009,0.00554,13.4,21,0.07429245283018868,21
Romania_2010,Romania,2010,0.00509,14.1,20.3,0.07181603773584903,20.299999999999994
Romania_2011,Romania,2011,0.00481,15.3,20.8,0.07358490566037736,20.8
Romania_2012,Romania,2012,0.00534,14.1,21.3,0.07535377358490566,21.3
Romania_2013,Romania,2013,0.0051,15.4,22.2,0.07853773584905659,22.199999999999996
Romania_2014,Romania,2014,0.00514,15.9,23.1,0.08172169811320755,23.1
Romania_2015,Romania,2015,0.00516,16.4,23.9,0.08455188679245282,23.9
Romania_2016,Romania,2016,0.00538,16.5,25.1,0.08879716981132074,25.099999999999998
Russia_1997,Russia,1997,0.00684,6.72,13,0.04599056603773584,12.999999999999998
Russia_1998,Russia,1998,0.00755,5.81,12.4,0.04386792452830188,12.399999999999999
Serbia_2012,Serbia,2012,0.00319,16.5,14.9,0.052712264150943385,14.899999999999999
Serbia_2013,Serbia,2013,0.00291,18.7,15.4,0.054481132075471686,15.399999999999999
Serbia_2014,Serbia,2014,0.00294,18.3,15.2,0.05377358490566036,15.199999999999996
Serbia_2015,Serbia,2015,0.0028,19.7,15.6,0.055188679245283,15.599999999999996
Slovakia_2006,Slovakia,2006,0.00265,29.1,21.8,0.07712264150943395,21.799999999999997
Slovakia_2007,Slovakia,2007,0.00271,31.5,24.1,0.08525943396226414,24.1
Slovakia_2008,Slovakia,2008,0.00278,32.4,25.5,0.09021226415094337,25.499999999999996
Slovakia_2009,Slovakia,2009,0.00294,28.9,24,0.08490566037735849,24
Slovakia_2010,Slovakia,2010,0.00289,31.2,25.5,0.09021226415094337,25.499999999999996
Slovakia_2011,Slovakia,2011,0.00283,32.8,26.2,0.09268867924528301,26.2
Slovakia_2012,Slovakia,2012,0.0028,33.5,26.5,0.09375,26.5
Slovakia_2013,Slovakia,2013,0.00282,33.4,26.6,0.09410377358490564,26.599999999999998
Slovakia_2014,Slovakia,2014,0.00285,33.9,27.3,0.09658018867924528,27.300000000000004
Slovenia_2004,Slovenia,2004,0.00482,22,30,0.10613207547169808,29.999999999999993
Slovenia_2005,Slovenia,2005,0.00491,22.4,31.1,0.11002358490566036,31.099999999999998
Slovenia_2006,Slovenia,2006,0.00476,24.4,32.8,0.11603773584905656,32.79999999999999
Slovenia_2007,Slovenia,2007,0.00457,27,34.9,0.12346698113207542,34.89999999999999
Slovenia_2008,Slovenia,2008,0.00458,27.9,36.1,0.1277122641509434,36.1
Slovenia_2009,Slovenia,2009,0.00494,23.7,33.1,0.11709905660377357,33.099999999999994
Slovenia_2010,Slovenia,2010,0.00496,23.8,33.4,0.11816037735849054,33.39999999999999
Slovenia_2011,Slovenia,2011,0.00502,23.7,33.6,0.11886792452830187,33.6
Slovenia_2012,Slovenia,2012,0.0051,22.6,32.6,0.11533018867924526,32.599999999999994
Slovenia_2013,Slovenia,2013,0.00511,22.3,32.2,0.11391509433962262,32.199999999999996
Slovenia_2014,Slovenia,2014,0.00511,22.9,33.1,0.11709905660377357,33.099999999999994
Slovenia_2015,Slovenia,2015,0.00515,23.2,33.8,0.11957547169811317,33.79999999999999
South Africa_2008,South Africa,2008,0.00532,9.18,13.8,0.04882075471698113,13.8
South Korea_2006,South Korea,2006,0.00456,23.3,30,0.10613207547169808,29.999999999999993
South Korea_2007,South Korea,2007,0.0044,25.4,31.6,0.11179245283018865,31.599999999999998
South Korea_2008,South Korea,2008,0.0045,25.4,32.3,0.11426886792452826,32.29999999999999
South Korea_2009,South Korea,2009,0.0049,23.4,32.4,0.11462264150943394,32.4
South Korea_2010,South Korea,2010,0.00489,24.9,34.4,0.12169811320754713,34.39999999999999
South Korea_2011,South Korea,2011,0.00491,25.5,35.4,0.12523584905660373,35.39999999999999
South Korea_2012,South Korea,2012,0.00479,26.6,36,0.1273584905660377,35.99999999999999
South Korea_2013,South Korea,2013,0.00483,27.1,37,0.13089622641509432,37
South Korea_2014,South Korea,2014,0.00498,27,38,0.13443396226415094,38
South Korea_2015,South Korea,2015,0.00499,27.5,38.8,0.1372641509433962,38.8
Spain_1990,Spain,1990,0.00632,15.4,27.5,0.09728773584905659,27.5
Spain_1991,Spain,1991,0.00612,16.3,28.2,0.09976415094339619,28.199999999999992
Spain_1992,Spain,1992,0.00556,18,28.3,0.10011792452830187,28.299999999999997
Spain_1993,Spain,1993,0.00629,15.7,27.9,0.09870283018867923,27.9
Spain_1994,Spain,1994,0.00628,16,28.4,0.10047169811320751,28.399999999999995
Spain_1995,Spain,1995,0.00576,17.8,29,0.10259433962264149,28.999999999999996
Spain_1996,Spain,1996,0.006,17.5,29.7,0.1050707547169811,29.699999999999992
Spain_1997,Spain,1997,0.006,18.1,30.7,0.1086084905660377,30.699999999999996
Spain_1998,Spain,1998,0.0054,20.9,31.9,0.11285377358490561,31.89999999999999
Spain_1999,Spain,1999,0.00534,22,33.2,0.11745283018867923,33.2
Spain_2000,Spain,2000,0.00524,23.5,34.8,0.12311320754716977,34.79999999999999
Spain_2001,Spain,2001,0.00529,24,35.9,0.12700471698113205,35.9
Spain_2002,Spain,2002,0.00518,24.8,36.3,0.12841981132075467,36.29999999999999
Spain_2003,Spain,2003,0.00484,26.9,36.8,0.13018867924528296,36.79999999999999
Spain_2004,Spain,2004,0.00466,28.3,37.3,0.13195754716981128,37.3
Spain_2005,Spain,2005,0.00447,30.1,38,0.13443396226415094,38
Spain_2006,Spain,2006,0.00441,31.2,38.9,0.13761792452830185,38.89999999999999
Spain_2007,Spain,2007,0.00439,31.8,39.5,0.1397405660377358,39.49999999999999
Spain_2008,Spain,2008,0.00473,29.3,39.2,0.13867924528301884,39.199999999999996
Spain_2009,Spain,2009,0.00529,25,37.4,0.13231132075471697,37.4
Spain_2010,Spain,2010,0.00532,24.8,37.3,0.13195754716981128,37.3
Spain_2011,Spain,2011,0.0056,23.3,36.9,0.13054245283018864,36.89999999999999
Spain_2012,Spain,2012,0.00555,22.8,35.8,0.1266509433962264,35.8
Spain_2013,Spain,2013,0.00549,22.8,35.4,0.12523584905660373,35.39999999999999
Spain_2014,Spain,2014,0.00559,22.8,36,0.1273584905660377,35.99999999999999
Spain_2015,Spain,2015,0.00568,23.3,37.4,0.13231132075471697,37.4
Sweden_1990,Sweden,1990,0.00602,20.1,34.2,0.12099056603773584,34.2
Sweden_1991,Sweden,1991,0.00596,19.9,33.5,0.1185141509433962,33.49999999999999
Sweden_1992,Sweden,1992,0.00596,19.6,33,0.11674528301886788,32.99999999999999
Sweden_1993,Sweden,1993,0.00645,17.6,32.1,0.11356132075471696,32.1
Sweden_1994,Sweden,1994,0.00736,15.9,33.1,0.11709905660377357,33.099999999999994
Sweden_1995,Sweden,1995,0.00608,19.9,34.2,0.12099056603773584,34.2
Sweden_1996,Sweden,1996,0.00599,20.5,34.7,0.12275943396226413,34.699999999999996
Sweden_1997,Sweden,1997,0.0063,20.1,35.8,0.1266509433962264,35.8
Sweden_1998,Sweden,1998,0.00603,21.9,37.3,0.13195754716981128,37.3
Sweden_1999,Sweden,1999,0.00616,22.3,38.8,0.1372641509433962,38.8
Sweden_2000,Sweden,2000,0.00662,21.7,40.6,0.14363207547169807,40.59999999999999
Sweden_2001,Sweden,2001,0.00591,24.6,41.1,0.1454009433962264,41.099999999999994
Sweden_2002,Sweden,2002,0.00579,25.6,41.9,0.14823113207547164,41.89999999999999
Sweden_2003,Sweden,2003,0.00526,28.7,42.7,0.15106132075471695,42.699999999999996
Sweden_2004,Sweden,2004,0.00517,30.4,44.4,0.15707547169811317,44.39999999999999
Sweden_2005,Sweden,2005,0.00578,27.8,45.4,0.16061320754716976,45.39999999999999
Sweden_2006,Sweden,2006,0.00515,32.5,47.3,0.16733490566037731,47.3
Sweden_2007,Sweden,2007,0.00513,33.5,48.6,0.17193396226415092,48.6
Sweden_2008,Sweden,2008,0.00548,31,48,0.16981132075471697,48
Sweden_2009,Sweden,2009,0.00674,23.9,45.5,0.16096698113207542,45.49999999999999
Sweden_2010,Sweden,2010,0.00564,30,47.8,0.16910377358490564,47.8
Sweden_2011,Sweden,2011,0.00553,31.3,48.9,0.1729952830188679,48.9
Sweden_2012,Sweden,2012,0.00546,31.3,48.3,0.17087264150943393,48.3
Sweden_2013,Sweden,2013,0.00546,31.4,48.5,0.17158018867924527,48.5
Sweden_2014,Sweden,2014,0.00552,31.6,49.3,0.17441037735849052,49.29999999999999
Sweden_2015,Sweden,2015,0.00566,31.8,50.9,0.18007075471698109,50.89999999999999
Switzerland_1990,Switzerland,1990,0.00996,20,56.3,0.19917452830188676,56.29999999999999
Switzerland_1991,Switzerland,1991,0.00946,20.6,55.1,0.19492924528301883,55.099999999999994
Switzerland_1992,Switzerland,1992,0.00964,20,54.5,0.19280660377358488,54.49999999999999
Switzerland_1993,Switzerland,1993,0.01014,18.8,53.9,0.1906839622641509,53.89999999999999
Switzerland_1994,Switzerland,1994,0.00949,20.2,54.2,0.1917452830188679,54.199999999999996
Switzerland_1995,Switzerland,1995,0.00911,21,54.1,0.19139150943396224,54.1
Switzerland_1996,Switzerland,1996,0.00962,19.9,54.1,0.19139150943396224,54.1
Switzerland_1997,Switzerland,1997,0.01012,19.3,55.2,0.1952830188679245,55.2
Switzerland_1998,Switzerland,1998,0.00988,20.3,56.7,0.2005896226415094,56.69999999999999
Switzerland_1999,Switzerland,1999,0.00976,20.8,57.4,0.203066037735849,57.39999999999999
Switzerland_2000,Switzerland,2000,0.00894,23.5,59.4,0.2101415094339622,59.399999999999984
Switzerland_2001,Switzerland,2001,0.00818,25.9,59.9,0.21191037735849053,59.89999999999999
Switzerland_2002,Switzerland,2002,0.00788,26.7,59.5,0.21049528301886788,59.49999999999999
Switzerland_2003,Switzerland,2003,0.00797,26.2,59,0.2087264150943396,58.99999999999999
Switzerland_2004,Switzerland,2004,0.00762,28,60.3,0.21332547169811317,60.29999999999999
Switzerland_2005,Switzerland,2005,0.00731,29.8,61.6,0.21792452830188674,61.599999999999994
Switzerland_2006,Switzerland,2006,0.00725,31.1,63.7,0.2253537735849056,63.69999999999999
Switzerland_2007,Switzerland,2007,0.00723,32.1,65.6,0.23207547169811313,65.59999999999998
Switzerland_2008,Switzerland,2008,0.0076,31,66.6,0.23561320754716975,66.59999999999998
Switzerland_2009,Switzerland,2009,0.00808,28.2,64.4,0.22783018867924523,64.39999999999999
Switzerland_2010,Switzerland,2010,0.00803,29,65.8,0.2327830188679245,65.8
Switzerland_2011,Switzerland,2011,0.00777,30.2,66.3,0.23455188679245276,66.29999999999998
Switzerland_2012,Switzerland,2012,0.00765,30.7,66.4,0.23490566037735847,66.4
Switzerland_2013,Switzerland,2013,0.00759,31.2,66.9,0.23667452830188673,66.89999999999999
Thailand_1994,Thailand,1994,0.00381,8.68,9.36,0.0331132075471698,9.359999999999998
Thailand_1995,Thailand,1995,0.00362,9.76,10,0.03537735849056603,10
Thailand_1996,Thailand,1996,0.00368,10.1,10.5,0.03714622641509434,10.5
Thailand_1997,Thailand,1997,0.00382,9.35,10.1,0.03573113207547169,10.1
Thailand_1998,Thailand,1998,0.00498,6.52,9.18,0.032476415094339614,9.179999999999998
Thailand_1999,Thailand,1999,0.00481,6.98,9.49,0.03357311320754716,9.489999999999998
Thailand_2000,Thailand,2000,0.00451,7.69,9.81,0.034705188679245276,9.809999999999999
Thailand_2001,Thailand,2001,0.00466,7.66,10.1,0.03573113207547169,10.1
Thailand_2002,Thailand,2002,0.0046,8.16,10.6,0.03749999999999999,10.599999999999998
Thailand_2003,Thailand,2003,0.00429,9.32,11.3,0.03997641509433962,11.3
Thailand_2004,Thailand,2004,0.00413,10.2,11.9,0.04209905660377358,11.9
Thailand_2005,Thailand,2005,0.00414,10.5,12.3,0.043514150943396224,12.3
Thailand_2006,Thailand,2006,0.00394,11.5,12.8,0.045283018867924525,12.799999999999999
Thailand_2007,Thailand,2007,0.00415,11.5,13.5,0.04775943396226415,13.5
Thailand_2008,Thailand,2008,0.00408,11.8,13.6,0.04811320754716981,13.6
Thailand_2009,Thailand,2009,0.00442,10.8,13.5,0.04775943396226415,13.5
Thailand_2010,Thailand,2010,0.00421,12.1,14.4,0.05094339622641509,14.399999999999999
Thailand_2011,Thailand,2011,0.00383,13.3,14.4,0.05094339622641509,14.399999999999999
Thailand_2012,Thailand,2012,0.00395,13.8,15.4,0.054481132075471686,15.399999999999999
Thailand_2013,Thailand,2013,0.00396,14.1,15.8,0.05589622641509433,15.799999999999999
Thailand_2014,Thailand,2014,0.00396,14.2,15.9,0.056249999999999994,15.899999999999999
Thailand_2015,Thailand,2015,0.004,14.4,16.3,0.05766509433962263,16.299999999999997
Thailand_2016,Thailand,2016,0.00407,14.6,16.8,0.05943396226415094,16.8
Trinidad and Tobago_1990,Trinidad and Tobago,1990,0.00893,4,10.1,0.03573113207547169,10.1
Trinidad and Tobago_1991,Trinidad and Tobago,1991,0.00456,7.99,10.3,0.03643867924528302,10.3
Trinidad and Tobago_1992,Trinidad and Tobago,1992,0.01015,3.94,11.3,0.03997641509433962,11.3
Tunisia_2009,Tunisia,2009,0.00651,5.71,10.5,0.03714622641509434,10.5
Turkey_2009,Turkey,2009,0.00547,12.1,18.7,0.06615566037735848,18.7
Turkey_2010,Turkey,2010,0.00505,14,20,0.07075471698113206,20
Turkey_2011,Turkey,2011,0.005,15.5,21.9,0.0774764150943396,21.899999999999995
Turkey_2012,Turkey,2012,0.00516,15.5,22.6,0.07995283018867924,22.6
Turkey_2013,Turkey,2013,0.00543,15.7,24.1,0.08525943396226414,24.1
Turkey_2014,Turkey,2014,0.00568,15.5,24.9,0.08808962264150942,24.9
Turkey_2015,Turkey,2015,0.0059,15.6,26,0.09198113207547168,25.999999999999996
Ukraine_1995,Ukraine,1995,0.0052,5.38,7.91,0.02798349056603773,7.909999999999999
Ukraine_1996,Ukraine,1996,0.00562,4.52,7.18,0.025400943396226408,7.179999999999999
Ukraine_1997,Ukraine,1997,0.00527,4.72,7.03,0.024870283018867918,7.029999999999999
Ukraine_1998,Ukraine,1998,0.00645,3.82,6.96,0.024622641509433957,6.96
Ukraine_1999,Ukraine,1999,0.00676,3.67,7.01,0.02479952830188679,7.01
Ukraine_2000,Ukraine,2000,0.0065,4.08,7.5,0.02653301886792452,7.499999999999998
Ukraine_2001,Ukraine,2001,0.00602,4.84,8.24,0.029150943396226408,8.239999999999998
Ukraine_2002,Ukraine,2002,0.00648,4.79,8.77,0.03102594339622641,8.77
Ukraine_2003,Ukraine,2003,0.00702,4.88,9.68,0.034245283018867916,9.68
Ukraine_2004,Ukraine,2004,0.00614,6.28,10.9,0.03856132075471697,10.899999999999999
United Kingdom_1990,United Kingdom,1990,0.00631,17.5,31.2,0.110377358490566,31.199999999999992
United Kingdom_1991,United Kingdom,1991,0.00592,18.4,30.8,0.10896226415094337,30.799999999999997
United Kingdom_1992,United Kingdom,1992,0.00602,18.1,30.8,0.10896226415094337,30.799999999999997
United Kingdom_1993,United Kingdom,1993,0.0064,17.4,31.5,0.11143867924528299,31.499999999999993
United Kingdom_1994,United Kingdom,1994,0.00607,19,32.6,0.11533018867924526,32.599999999999994
United Kingdom_1995,United Kingdom,1995,0.00588,20.1,33.4,0.11816037735849054,33.39999999999999
United Kingdom_1996,United Kingdom,1996,0.00609,19.8,34.1,0.12063679245283015,34.099999999999994
United Kingdom_1997,United Kingdom,1997,0.00579,21.8,35.7,0.12629716981132075,35.699999999999996
United Kingdom_1998,United Kingdom,1998,0.00557,23.3,36.7,0.12983490566037736,36.7
United Kingdom_1999,United Kingdom,1999,0.00544,24.5,37.7,0.13337264150943395,37.7
United Kingdom_2000,United Kingdom,2000,0.00531,25.9,38.9,0.13761792452830185,38.89999999999999
United Kingdom_2001,United Kingdom,2001,0.00577,24.3,39.6,0.14009433962264148,39.599999999999994
United Kingdom_2002,United Kingdom,2002,0.0058,24.5,40.2,0.14221698113207545,40.199999999999996
United Kingdom_2003,United Kingdom,2003,0.00599,24.4,41.3,0.1461084905660377,41.3
United Kingdom_2004,United Kingdom,2004,0.00574,25.9,42,0.14858490566037735,42
United Kingdom_2005,United Kingdom,2005,0.00561,27,42.8,0.1514150943396226,42.8
United Kingdom_2006,United Kingdom,2006,0.00563,27.4,43.6,0.1542452830188679,43.599999999999994
United Kingdom_2007,United Kingdom,2007,0.00573,27.3,44.2,0.1563679245283019,44.2
United Kingdom_2008,United Kingdom,2008,0.0061,25.4,43.8,0.1549528301886792,43.79999999999999
United Kingdom_2009,United Kingdom,2009,0.00685,21.5,41.6,0.1471698113207547,41.6
United Kingdom_2010,United Kingdom,2010,0.00668,22.3,42.1,0.148938679245283,42.099999999999994
United Kingdom_2011,United Kingdom,2011,0.00679,22.1,42.4,0.14999999999999997,42.39999999999999
United Kingdom_2012,United Kingdom,2012,0.00676,22.4,42.8,0.1514150943396226,42.8
United Kingdom_2013,United Kingdom,2013,0.00687,22.3,43.3,0.1531839622641509,43.29999999999999
United Kingdom_2014,United Kingdom,2014,0.00695,22.5,44.2,0.1563679245283019,44.2
United Kingdom_2015,United Kingdom,2015,0.00701,22.7,45,0.15919811320754715,45
United States_1990,United States,1990,0.00514,27.8,40.4,0.14292452830188676,40.4
United States_1991,United States,1991,0.00533,26.5,39.9,0.14115566037735847,39.89999999999999
United States_1992,United States,1992,0.00516,27.9,40.7,0.14398584905660378,40.7
United States_1993,United States,1993,0.00545,26.8,41.3,0.1461084905660377,41.3
United States_1994,United States,1994,0.00512,29.3,42.4,0.14999999999999997,42.39999999999999
United States_1995,United States,1995,0.00512,29.7,43,0.15212264150943394,42.99999999999999
United States_1996,United States,1996,0.00503,31,44.1,0.15601415094339618,44.099999999999994
United States_1997,United States,1997,0.00485,33.2,45.5,0.16096698113207542,45.49999999999999
United States_1998,United States,1998,0.00464,35.8,47,0.16627358490566035,47
United States_1999,United States,1999,0.00479,36,48.7,0.17228773584905657,48.699999999999996
United States_2000,United States,2000,0.00487,36.4,50.1,0.17724056603773583,50.1
United States_2001,United States,2001,0.00492,36,50.1,0.17724056603773583,50.1
United States_2002,United States,2002,0.005,35.7,50.5,0.17865566037735847,50.5
United States_2003,United States,2003,0.00513,35.5,51.5,0.18219339622641506,51.49999999999999
United States_2004,United States,2004,0.00495,37.9,53,0.1875,53
United States_2005,United States,2005,0.00486,39.6,54.4,0.19245283018867923,54.4
United States_2006,United States,2006,0.00492,39.8,55.4,0.19599056603773582,55.4
United States_2007,United States,2007,0.0052,38,55.9,0.1977594339622641,55.89999999999999
Venezuela_1990,Venezuela,1990,0.0089,6.12,15.4,0.054481132075471686,15.399999999999999
Venezuela_1991,Venezuela,1991,0.00753,7.8,16.6,0.05872641509433962,16.6
Venezuela_1992,Venezuela,1992,0.00612,10,17.3,0.06120283018867924,17.3
Venezuela_1993,Venezuela,1993,0.00678,8.92,17.1,0.06049528301886792,17.1
Venezuela_1994,Venezuela,1994,0.00726,7.99,16.4,0.05801886792452828,16.399999999999995
