dmu,CO2,material_footprint,foreign_investment,government_debt,life_expectancy,income,mean_years_in_school,murder,income_share_20
Albania_1996,0.651,4.28,2.82,34.69009,74.5,4.91,8.2,8.23,9.2
Albania_1997,0.498,4.03,2.1,51.409343,72.9,4.4,8.3,39.6,9.066666666666666
Albania_1998,0.563,4.36,1.77,57.010235,74.8,4.82,8.5,19.2,8.933333333333334
Albania_1999,0.956,4.73,1.28,57.789526,75.1,5.48,8.6,15.4,8.8
Albania_2000,0.966,5.55,4.11,63.376463,75.4,5.89,8.8,3.96,8.666666666666666
Albania_2001,1.03,6.1,5.29,60.609729,76,6.44,8.7,7.58,8.533333333333333
Albania_2002,1.2,6.13,3.1,64.097402,75.9,6.75,9,7.4,8.4
Albania_2003,1.38,7.48,3.17,60.239906,75.6,7.15,9,5.53,8.4
Albania_2004,1.34,8.33,4.75,57.472884,75.8,7.58,9.1,4.29,8.4
Albania_2005,1.38,9.19,3.26,58.199553,76.2,8.04,9.1,3.8833333333333337,8.4
Albania_2006,1.27,9.15,3.65,56.690318,76.9,8.57,9.2,3.4766666666666666,8.566666666666666
Albania_2007,1.29,8.93,6.11,53.550124,77.5,9.15,9.2,3.07,8.733333333333334
Albania_2008,1.46,9.39,9.68,55.140211,77.6,9.91,9.2,2.96,8.9
Albania_2009,1.47,10.9,11.2,59.67018,78,10.3,9.3,2.63,8.9
Albania_2010,1.56,8.96,9.14,57.710251,78.1,10.7,9.3,2.3,8.9
Argentina_1990,3.43,9.58,1.3,44.74283,72.5,14.1,7.88,5.15,4.75
Argentina_1991,3.54,11.3,1.29,32.934414,72.7,15.2,8,4.4,4.8
Argentina_1992,3.61,11.9,1.94,27.768231,72.8,16.2,8,4.7,4.6
Argentina_1993,3.46,11.9,1.18,26.892714,73,17.3,8.1,4.23,4.5
Argentina_1994,3.55,12.7,1.41,28.425983,73.4,18.1,8.2,4.49,4.4
Argentina_1995,3.67,12.2,2.17,30.74938,73.4,17.4,8.3,4.22,3.8
Argentina_1996,3.82,12.3,2.55,32.550753,73.5,18.1,8.5,4.65,3.5
Armenia_1999,0.988,3.04,6.61,39.190779,71.9,3.8,10.7,2.58,7.6
Armenia_2000,1.14,2.43,5.45,39.58742,72.4,4.05,10.8,2.22,7.65
Armenia_2001,1.16,2.75,3.3,38.052612,72.5,4.46,10.7,1.76,7.7
Armenia_2002,1.01,2.92,4.66,38.247604,72.7,5.08,10.8,2.25,8
Armenia_2003,1.15,3.35,4.38,33.015776,72.8,5.82,10.8,1.82,8.7
Armenia_2004,1.23,3.96,6.91,26.445878,73,6.47,10.8,1.794,7.6
Armenia_2005,1.47,4.41,5.96,20.467167,73,7.42,10.9,1.768,8.1
Armenia_2006,1.49,4.8,7.31,16.182897,73.1,8.46,10.9,1.742,8.9
Armenia_2007,1.74,5.77,7.25,14.249503,73.5,9.71,11,1.716,8.4
Armenia_2008,1.92,6.54,8.09,14.631835,73.5,10.5,11,1.69,9.1
Armenia_2009,1.51,6.48,8.79,34.137963,73.6,9.05,11.1,1.645,9.4
Armenia_2010,1.48,6.25,5.72,33.757017,73.9,9.29,11.1,1.6,9.1
Armenia_2011,1.73,6.3,6.44,35.702398,74.2,9.73,11.2,1.555,9
Armenia_2012,1.99,6.63,4.68,35.600487,74.6,10.4,11.3,1.51,9
Armenia_2013,1.91,6.96,3.11,36.330625,75.1,10.7,11.4,1.1,8.6
Armenia_2014,1.91,7.16,3.5,39.361634,75.2,11,11.5,0.964,8.4
Armenia_2015,1.65,7.37,1.74,44.132991,75.1,11.3,11.6,1.12,8.2
Armenia_2016,1.76,7.86,3.16,51.928903,75.3,11.3,11.7,1.01,7.9
Australia_1990,16.4,40.3,2.72,12.10065,77,31,11.2,2.14,7.35
Australia_1991,16.3,40.8,0.801,11.933822,77.4,30.5,11.8,1.92,7.4
Australia_1992,16.4,37,1.52,14.297317,77.6,30.3,11.8,1.68,7.449999999999999
Australia_1993,16.4,35.4,1.7,17.721274,77.9,31.2,11.8,1.83,7.5
Australia_1994,16.5,34.9,1.38,19.939369,78,32.1,11.8,1.77,7.55
Australia_1995,17,38.3,3.61,22.179058,78.3,32.9,11.8,1.61,7.6
Australia_1996,17.2,39.2,1.14,21.440305,78.5,33.7,11.8,1.74,7.566666666666666
Australia_1997,17.5,39.9,1.86,20.555428,78.8,34.7,11.8,1.68,7.533333333333333
Australia_1998,18,42,1.9,16.315651,79.1,35.9,11.8,1.56,7.5
Australia_1999,18.3,41.7,0.568,15.462984,79.4,37.2,11.9,1.55,7.466666666666667
Australia_2000,18.5,39.8,3.58,13.722086,79.7,38.2,11.9,1.59,7.433333333333334
Australia_2001,18.6,40,2.83,12.014315,80.1,38.5,11.9,1.58,7.4
Australia_2002,18.7,40.2,3.71,10.331498,80.3,39.5,11.8,1.46,7.4
Australia_2003,18.9,42.9,1.92,8.9980332,80.6,40.3,11.8,1.27,7.4
Australia_2004,19.3,42.3,6.99,8.1004753,80.9,41.5,11.8,0.748,7.7
Australia_2005,19.2,43,-3.61,7.362435,81.2,42.2,11.7,0.984,7.575
Australia_2006,19.1,38.7,4.09,6.5611344,81.5,42.7,11.9,1.22,7.45
Australia_2007,19.2,45.6,5.2,6.0781049,81.5,44.1,12,0.978,7.325
Australia_2008,19,37.7,4.28,7.6062304,81.7,44.7,12.3,1.09,7.2
Australia_2009,18.8,43.1,3.09,11.505736,81.9,44.6,12.3,1.17,7.25
Australia_2010,18.4,40.8,3.07,14.26115,82.1,44.9,12.4,1.01,7.3
Australia_2011,18,40.9,4.69,16.999512,82.3,45.4,12.5,1.05,7.325
Australia_2012,17.8,41.5,3.72,19.235554,82.6,46.4,12.6,1.23,7.35
Australia_2013,17.1,41.2,3.46,21.252785,82.7,46.7,12.6,1.06,7.375
Australia_2014,16.7,42.1,4.31,24.57957,82.7,47.2,12.7,1.02,7.4
Australia_2015,16.8,42.5,3.47,28.412023,82.7,47.6,12.8,1.11,7.4
Austria_1990,8.08,19.7,0.392,45.53072,76,37.5,8.64,1.62,9.371428571428572
Austria_1991,8.49,21.5,0.207,46.221934,76.1,38.4,8.7,1.24,9.028571428571428
Austria_1992,7.72,23.3,0.761,46.282719,76.3,38.8,8.7,1.41,8.685714285714285
Austria_1993,7.71,22.3,0.591,50.044149,76.5,38.7,8.8,1.32,8.342857142857143
Austria_1994,7.71,23.9,1.02,52.726308,76.7,39.4,8.8,1.11,8
Austria_1995,8.05,23.8,0.757,55.248115,77,40.4,8.9,1.03,7
Austria_1996,8.45,23.4,1.82,55.611677,77.3,41.3,8.9,1.14,7.55
Austria_1997,8.41,23.6,1.25,56.834379,77.7,42.1,8.9,0.89,8.1
Austria_1998,8.35,25.1,2.09,56.839792,77.9,43.6,9,1.1,8.266666666666666
Austria_1999,8.17,24.6,1.37,57.872775,78.2,45.1,9,0.818,8.433333333333334
Austria_2000,8.22,24.6,4.31,56.508138,78.5,46.5,9,0.875,8.6
Austria_2001,8.69,24.5,2.88,55.056343,78.9,46.9,9.2,0.945,8.566666666666666
Austria_2002,8.87,24.8,0.0645,54.668594,79,47.4,9.4,0.84,8.533333333333333
Austria_2003,9.52,26.6,2.36,54.721225,79.1,47.6,9.6,0.607,8.5
Austria_2004,9.49,28.7,1.06,55.931896,79.5,48.6,9.8,0.693,8.5
Austria_2005,9.63,29.4,25.7,55.624914,79.8,49.4,9.9,0.793,8.8
Austria_2006,9.31,30.4,3.12,54.238897,80.1,50.8,10.1,0.798,8.6
Austria_2007,8.96,31.4,17.7,51.896978,80.3,52.6,11.6,0.609,8
Austria_2008,8.85,32.2,1.46,55.13683,80.5,53.2,11.5,0.492,8
Austria_2009,8.1,30.5,3.56,58.572628,80.5,51,11.7,0.634,7.7
Austria_2010,8.6,30.1,-5.61,59.740463,80.8,51.8,11.8,0.428,8
Austria_2011,8.3,31.2,5.32,59.06453,81,53.2,11.8,0.509,7.8
Austria_2012,7.95,31.1,1.27,59.48475,81.2,53.3,11.8,0.369,7.8
Austria_2013,7.97,31.3,0.105,59.875237,81.3,53,11.9,0.401,8.1
Austria_2014,7.49,31.9,0.387,58.896382,81.5,52.9,12.1,0.402,8
Austria_2015,7.7,32.4,-2.09,57.836409,81.6,52.9,12.1,0.508,7.9
Austria_2016,7.7,32.3,-7.31,58.094618,81.8,53.3,12.1,0.417,7.7
Azerbaijan_1995,4.29,4.58,13.7,19.209111,64.7,2.98,10.2,9.16,7.1
Azerbaijan_1996,3.98,4.18,19.7,16.721235,65.3,2.99,10.3,7.75,7.1499999999999995
Azerbaijan_1997,3.76,3.24,28.1,12.465675,65.7,3.13,10.4,6.29,7.2
Azerbaijan_1998,3.97,2.95,23,14.290775,66,3.41,10.5,5.97,7.25
Azerbaijan_1999,3.55,2.83,11.1,25.413739,66.2,3.63,10.5,5,7.3
Azerbaijan_2000,3.64,2.56,2.46,22.837186,66.5,4,10.6,3.25,7.35
Azerbaijan_2001,3.52,2.67,14.4,24.387309,67.1,4.36,10.6,2.818714285714286,7.4
Azerbaijan_2002,3.58,3.04,32.5,23.01766,67.2,4.74,10.6,2.3874285714285715,10.9
Azerbaijan_2003,3.67,3.51,55.1,21.828259,67.1,5.18,10.6,1.9561428571428572,10.2
Azerbaijan_2004,3.8,3.68,54.4,9.7099795,67.2,5.61,10.6,1.524857142857143,10.7
Azerbaijan_2005,4.02,3.51,33.8,6.8546552,67.3,7.11,10.7,1.0935714285714284,10.8
Belarus_1998,5.96,0.03,1.33,15.65739,68.4,7.29,8.8,11.5,7.9
Belarus_1999,5.75,0.03,3.66,12.286043,68.2,7.58,8.8,10.4,7.6
Belarus_2000,5.62,0.07,0.933,10.261559,69,8.05,8.9,10.4,7.9
Belarus_2001,5.67,0.03,0.775,10.925435,68.6,8.48,9,10.1,8.2
Belgium_1990,12.1,15.3,3.92,104.23628,76.2,35.5,9.1,1.34,9.55
Belgium_1991,12.3,16.7,4.45,106.79022,76.4,36,9.5,1.31,9.525
Belgium_1992,12.2,20.2,4.81,108.96866,76.5,36.4,9.5,1.62,9.5
Belgium_1993,12,19.5,4.78,115.49525,76.6,35.9,9.6,1.85,9.2
Belgium_1994,12.3,20.5,3.48,112.6987,76.8,37,9.7,1.69,8.9
Belgium_1995,12.4,20.4,3.71,116.60981,77,37.8,9.7,1.55,8.6
Belgium_1996,12.7,20.4,5.04,114.05023,77.3,38.2,9.8,1.9,8.8
Belgium_1997,12.1,19.6,4.75,111.36919,77.5,39.6,9.8,1.75,9
Belgium_1998,12.7,21.1,8.78,106.86688,77.7,40.3,9.9,1.89,8.8
Belgium_1999,12.2,21.7,46.3,103.87444,77.8,41.6,10,2.34,8.6
Belgium_2000,12.3,23.3,37.5,98.932427,78,43,10,1.71,8.4
Belgium_2001,12.2,21.7,37.3,98.156128,78.3,43.3,10.2,1.85,8.433333333333334
Belgium_2002,12.2,22,7.01,95.297067,78.5,43.9,10.3,1.81,8.466666666666667
Belgium_2003,12.3,22.6,10.9,89.333608,78.7,44.2,10.4,1.4,8.5
Belgium_2004,12.3,23.5,12.1,85.088606,79.1,45.5,10.5,1.62,8.4
Belgium_2005,11.9,23.9,8.73,83.855475,79.3,46.3,10.7,1.49,8.7
Belgium_2006,11.7,24.3,14.4,80.866121,79.6,47.2,11.1,1.31,8.7
Belgium_2007,11.3,25,20.5,77.203822,79.8,48.6,11.1,1.45,8.6
Belgium_2008,11.2,25.6,36.8,82.738484,79.9,48.4,11,1.1,8.7
Belgium_2009,9.93,23.9,16,86.494186,80,47.1,11.1,1.12,8.5
Belgium_2010,10.4,22.9,26.1,85.766646,80.2,48,11.1,0.981,8.6
Belgium_2011,9.48,22.3,31.3,88.46737,80.4,48.2,11.2,1.19,8.6
Belgium_2012,9.17,22.5,2.38,88.969768,80.5,48.2,11.2,1.09,8.7
Belgium_2013,9.11,22.9,-5.68,89.611332,80.7,48.2,11.4,0.94,8.6
Belgium_2014,8.55,23.1,-2.84,90.035583,81,48.7,11.5,0.987,8.6
Belgium_2015,8.84,23.4,-4.22,88.826068,81.1,49.5,11.7,0.978,8.6
Bulgaria_2006,6.8,11,22.9,26.051553,71.2,15.9,10.4,1.53,5.7
Bulgaria_2007,7.35,11.8,31.2,23.13264,71.5,17.1,10.5,1.57,6.5
Bulgaria_2008,7.18,13,18.9,17.680713,71.9,18.3,10.5,1.43,6.9
Bulgaria_2009,6.12,11.6,7.49,19.443998,72.1,17.8,10.6,1.73,6.8
Bulgaria_2010,6.44,10.7,3.64,19.984876,72.3,18.2,10.6,1.23,6.3
Bulgaria_2011,7.2,11.5,3.65,19.071959,72.7,18.7,10.7,1.12,6.4
Bulgaria_2012,6.59,11.2,3.29,20.515449,73,18.9,10.8,1.23,6.2
Bulgaria_2013,5.84,11,3.56,20.969109,73.3,18.9,10.9,1.02,5.7
Bulgaria_2014,6.23,11.5,1.92,31.326748,73,19.2,10.9,1.08,6
Canada_1990,16.8,35.4,1.41,51.030552,77.4,34.6,10.28,2.01,7.675
Canada_1991,16.2,34.3,0.576,55.908107,77.6,33.5,10.3,2.2,7.7
Canada_1992,16.5,33.5,1.18,59.062324,77.8,33.4,10.4,2.02,7.666666666666667
Canada_1993,16.4,32.3,0.724,62.498912,77.8,33.9,10.5,1.75,7.633333333333333
Canada_1994,16.7,32,1.65,63.08468,78,35.1,10.6,1.69,7.6
Canada_1995,17,31.1,2.26,64.186571,78.1,35.6,10.6,1.6,7.533333333333333
Canada_1996,17.3,29.9,1.4,64.515825,78.4,35.8,10.7,1.7,7.466666666666667
Canada_1997,17.6,31,2.32,61.482083,78.6,34,10.8,1.43,7.4
Canada_1998,17.8,30.6,3.94,58.709497,78.8,34.7,10.8,1.53,7.1
Canada_1999,18.1,29.6,4.05,52.917027,79.1,35.8,10.9,1.48,7.1
Canada_2000,18.7,29.9,9.17,46.190434,79.4,37.2,11,1.5,7.1
Canada_2001,18.3,28.4,3.84,46.009193,79.6,37.3,11.2,1.51,7.074999999999999
Canada_2002,18.3,28.6,3.22,42.916778,79.8,38.2,11.5,1.5,7.05
Canada_2003,18.7,30.4,0.783,40.477244,80,39.3,11.7,1.43,7.025
Canada_2004,18.4,31.3,0.141,36.570387,80.2,40.4,12,1.6,7
Canada_2005,17.9,32,2.18,36.144669,80.4,42,12.2,1.81,7.066666666666666
Chile_1990,2.48,9.66,2,50.25715,73.4,9.85,8.02,3.2,3.4
Chile_1991,2.31,11.4,2.17,44.258348,74.2,10.4,8.1,3.5,3.5999999999999996
Chile_1992,2.35,11.5,2.04,36.118063,74.7,11.4,8.2,3.06,3.8
Chile_1993,2.46,12.6,2.1,32.569852,75,12,8.3,2.67,3.65
Chile_1994,2.67,12.9,4.53,29.057703,75.2,12.4,8.3,3,3.5
Colombia_1992,1.79,6.12,1.25,16.461349,71.1,8.48,5.7,88.2,3.7
Colombia_1993,1.81,6.48,1.44,14.322981,71.7,8.77,5.8,84.6,3.375
Colombia_1994,1.87,6.87,1.77,12.351126,72.1,9.1,6,77.6,3.05
Costa Rica_1990,0.934,5.3,2.85,18.543776,76.9,9.93,6.72,4.83,3.8
Costa Rica_1991,1.03,6.37,2.48,28.364643,76.9,9.9,7,4.45,3.6
Costa Rica_1992,1.14,5.35,2.64,23.3218,76.9,10.5,7.1,5.47,4
Costa Rica_1993,1.15,5.87,2.57,24.4337,77.1,11,7.2,5.69,3.9
Costa Rica_1994,1.5,6.37,2.84,26.974278,76.8,11.2,7.3,5.88,4
Costa Rica_1995,1.36,6.23,2.91,29.058676,76.5,11.4,7.4,5.25,4
Croatia_2009,5.04,16.4,4.87,47.759261,76.5,24.8,10.6,1.1,6.9
Croatia_2010,4.87,14.4,2.56,56.453007,76.8,24.5,10.8,1.17,6.9
Croatia_2011,4.8,14.5,1.98,62.982229,77.1,24.6,11,0.926,6.9
Croatia_2012,4.45,14,2.56,68.889597,77.4,24.1,11,0.952,6.9
Croatia_2013,4.32,14.6,1.66,79.703725,77.8,24.1,11,0.848,7.1
Croatia_2014,4.16,15,5.46,83.214336,77.9,24.1,11.1,0.703,7.1
Croatia_2015,4.22,15.3,0.089,82.836408,77.7,24.9,11.2,0.646,7.3
Croatia_2016,4.3,15.7,0.822,79.472379,78.4,25.9,11.3,1,7.3
Cyprus_2004,7.74,41.1,6.46,96.251436,77.9,36.5,10.5,1.27,8.8
Cyprus_2005,7.79,41.6,6.3,95.884122,77.9,37.7,10.7,1.77,8.9
Cyprus_2006,7.84,41.4,9.33,90.57028,78.2,38.8,10.9,1.76,8.8
Cyprus_2007,8.01,43.6,9.57,84.880924,78.3,40,11.2,1.37,8.7
Cyprus_2008,8.03,44.7,44.2,77.323462,78.8,40.4,11.3,1.13,8.6
Cyprus_2009,7.68,36.4,249,89.092393,79.1,38.5,11.3,1.84,8.5
Cyprus_2010,7.25,36.7,121,92.704321,79.5,38.3,11.5,0.461,8.6
Cyprus_2011,6.89,34.4,147,103.15881,79.8,37.5,11.6,2.6,8.4
Cyprus_2012,6.36,34.9,280,119.4284,80.1,35.6,11.8,2.06,8
Cyprus_2013,5.72,33.9,109,146.32517000000001,80.3,33.4,12,1.19,7.7
Cyprus_2014,6.01,34.3,223,152.58626,80.4,33.1,11.9,0.953,7.6
Cyprus_2015,5.99,34.7,146,149.40278,80.5,34.5,11.9,1.42,7.8
Cyprus_2016,6.29,27.1,40.6,142.98569,80.7,36.5,12.1,1.23,8.2
Czechia_1993,13.4,15.9,1.6,13.328988,73,20.8,8.9,2.12,10.4
Czechia_1994,12.8,16,1.84,11.420331,73.2,21.4,9.1,2.15,10.2
Czechia_1995,12.7,16.4,4.27,12.475804,73.4,22.8,9.4,1.72,10
Czechia_1996,13,17.1,2.13,10.304742,74,23.8,9.6,1.51,9.8
Czechia_1997,12.7,15.9,2.07,10.859634,74.1,23.7,9.9,1.45,9.75
Czechia_1998,12.1,16,5.54,12.622599,74.7,23.6,10.1,1.52,9.7
Czechia_1999,11.3,15.8,9.69,14.009604,75,23.9,10.4,1.39,9.65
Czechia_2000,12.4,16.2,8.07,15.831947,75.2,25,10.6,1.42,9.6
Czechia_2001,12.4,16.5,8.32,21.50589,75.5,25.8,10.9,1.21,9.55
Czechia_2002,12.1,18,10.3,24.335577,75.7,26.3,11.1,1.17,9.5
Czechia_2003,12.5,18.6,2.02,26.47557,75.6,27.2,11.4,1.15,9.25
Czechia_2004,12.5,20.2,5.36,26.344705,76.1,28.5,11.6,1.05,9
Czechia_2005,12.3,20.8,10,25.55222,76.4,30.4,11.9,0.772,9.3
Czechia_2006,12.3,21.2,4.56,25.288986,77,32.4,12.1,0.825,9.3
Czechia_2007,12.4,22.4,7.26,25.171646,77.2,34,12.2,0.996,9.7
Czechia_2008,11.8,23.5,3.72,25.953409,77.3,34.6,12.2,0.676,9.8
Czechia_2009,11,22.5,2.54,30.945194,77.6,32.8,12.3,0.76,9.6
Czechia_2010,11.2,22,4.86,34.646132,77.8,33.5,12.4,0.667,9.4
Czechia_2011,10.9,22.3,1.82,37.254595,78,34,12.5,0.738,9.3
Czechia_2012,10.5,22.4,4.52,41.523662,78.3,33.7,12.4,0.746,9.6
Czechia_2013,10.1,21.9,3.48,41.854987,78.5,33.7,12.6,0.797,9.4
Czechia_2014,9.83,22.2,3.86,39.429228,79,34.4,12.8,0.658,9.7
Czechia_2015,9.89,22.5,0.904,37.621423,79,36.2,12.7,0.66,9.7
Czechia_2016,10,22.7,5.53,35.732049,79.2,37,12.7,0.467,10
Denmark_1990,10.4,15,0.819,61.433663,75.2,39,8.96,1,9.64
Denmark_1991,12.5,19.6,1.12,62.287281,75.4,39.5,9.2,1.36,9.72
Denmark_1992,11.3,16.9,0.665,66.748644,75.5,40.1,9.3,1.26,9.8
Denmark_1993,11.7,17.3,1.2,78.387362,75.5,40,9.5,1.27,10.1
Denmark_1994,12.4,18.1,3.21,75.53708,75.5,42,9.7,1.31,10.4
Denmark_1995,11.8,18.9,2.24,74.289689,75.6,43,9.9,1.05,10.7
Denmark_1996,14.3,18.1,0.412,72.480019,75.9,44,10.1,1.02,10.64
Denmark_1997,12.4,17.8,1.61,67.819591,76.3,45.3,10.2,1.08,10.58
Denmark_1998,11.6,21.6,3.77,62.791582,76.7,46.1,10.4,0.877,10.52
Denmark_1999,11,21.5,9.47,59.491543,76.7,47.3,10.6,1.02,10.46
Denmark_2000,10.2,23.2,21.9,53.598169,77.2,48.9,10.7,1.13,10.4
Denmark_2001,10.4,21.5,5.64,50.658901,77.3,49.1,11.4,0.833,10.2
Denmark_2002,10.3,22.6,2.48,50.245626,77.4,49.2,12.1,0.895,10
Denmark_2003,11.3,22.8,0.543,48.36607,77.7,49.3,12.8,1.11,9.8
Denmark_2004,10.2,23.9,-3.5,45.717071,78,50.4,12.8,0.628,9.9
Denmark_2005,9.51,25,4.86,38.282882,78.3,51.5,12.8,1,9.8
Denmark_2006,10.9,26.2,0.843,31.757338,78.5,53.3,12.8,0.701,9.8
Denmark_2007,10,28.1,3.7,27.068642,78.7,53.6,12.5,0.814,9.8
Denmark_2008,9.33,27.9,0.62,31.230107,79,53,12.9,0.798,9.8
Denmark_2009,8.84,25.4,1.17,36.437683,79.2,50.1,12.7,0.802,9.2
Denmark_2010,8.86,24.1,-3.65,38.165226,79.5,50.8,12.7,0.732,9.3
Denmark_2011,7.93,24.3,3.94,41.028961,79.9,51.3,12.7,0.789,9.4
Denmark_2012,7.11,24.2,-5,39.974839,80.3,51.2,12.8,0.312,9.3
Denmark_2013,7.41,24.1,0.198,38.35388,80.5,51.5,13.2,0.381,9.1
Denmark_2014,6.63,24.2,1.86,38.221198,80.8,52,12.8,0.636,9.1
Denmark_2015,6.19,24.3,0.611,33.367938,81,52.9,12.5,0.572,9.4
El Salvador_1991,0.591,4.47,0.479,57.519297,70.1,5.29,3.8,43.4625,2.6
El Salvador_1992,0.613,3.5,0.263,52.612891,70.8,5.59,3.9,43.4,2.875
El Salvador_1993,0.725,3.82,0.246,41.557363,70.9,5.83,4,53.6,3.1500000000000004
Estonia_2003,12.5,18.9,10.5,3.1322832,72.1,22.1,11.9,9.93,6.1
Estonia_2004,12.7,20.5,8.95,2.7819057,72.5,23.7,12,6.74,7.1
Estonia_2005,12.6,22.9,21.7,2.2515553,73,26.1,12.1,7.61,7.4
Estonia_2006,12.2,24.9,10.3,2.0546941,73.3,28.8,12.2,6.25,7.5
Estonia_2007,14.9,29.9,13.5,1.4023253,73.3,31.1,12.2,6.28,8
Estonia_2008,13.3,27.1,8.12,1.7583269,74.4,29.6,12.3,5.78,7.8
Estonia_2009,10.9,23.9,9.51,3.6803365,75.2,25.3,12.4,5.02,7.7
Estonia_2010,14.3,24.1,13.3,3.362707,76.3,26,12.5,3.96,7.2
Estonia_2011,14.4,25,4.82,3.2907104,76.3,28,12.5,4.25,7.3
Estonia_2012,13.6,25.4,7.76,10.905474,76.5,29,12.5,4.41,7.3
Estonia_2013,14.9,28,4.37,11.059829,77.2,29.5,12.6,3.61,6.8
Estonia_2014,14.4,28.6,6.69,11.319703,77.3,30.5,12.6,2.7,7
Estonia_2015,12.1,28,-3.13,10.978912,77.8,31,12.7,2.74,7.5
Finland_1990,11.4,19.9,0.574,9.978122,75.4,32.9,7.46,3.01,10.725
Finland_1991,11,18.7,-0.182,16.463941,75.7,30.8,7.7,2.83,10.7
Finland_1992,10.8,27.4,0.352,33.222854,76,29.6,7.9,3.23,10.725
Finland_1993,11.1,23.4,0.968,48.240538,76.3,29.3,8.2,3.11,10.75
Finland_1994,12.1,24.6,0.269,51.266681,76.8,30.3,8.4,3.02,10.775
Finland_1995,11.4,24.4,1.08,51.254706,76.9,31.5,8.6,2.85,10.8
Finland_1996,12.5,24.1,0.57,51.906782,77.2,32.5,8.8,3.26,10.56
Finland_1997,12.2,24.1,1.93,49.304647,77.3,34.5,8.9,2.49,10.32
Finland_1998,11.5,25.8,9.34,44.096652,77.6,36.3,9,2.22,10.08
Finland_1999,11.4,29.5,5.76,41.57947,77.8,37.8,9.2,2.48,9.84
Finland_2000,11,29.6,10.7,39.920992,78,39.9,9.3,2.59,9.6
Finland_2001,12,33.6,2.49,38.426861,78.4,40.8,9.4,2.63,9.533333333333331
Finland_2002,12.5,34.4,5.77,37.348976,78.6,41.4,9.5,2.51,9.466666666666669
Finland_2003,13.9,36.5,3.48,39.349847,78.8,42.2,9.6,1.72,9.4
Finland_2004,13.2,37.3,3.43,38.849066,79,43.7,11.9,2.31,9.4
Finland_2005,10.9,37.8,5.3,35.561398,79.3,44.8,12,1.87,9.5
Finland_2006,13,38.7,2.14,33.508389,79.6,46.4,12,1.84,9.2
Finland_2007,12.6,39.9,8.57,29.431449,79.7,48.7,12,2.1,9.2
Finland_2008,11,39.1,6.79,28.0802,80,48.8,12.2,2.12,9.3
Finland_2009,10.5,36.3,-3.48,36.044611,80.2,44.7,12.2,1.77,9.3
Finland_2010,12,34.8,4.9,41.230872,80.4,45.9,12.3,1.8,9.2
Finland_2011,10.5,35.3,-2.18,42.455479,80.7,46.8,12.3,1.81,9.3
Finland_2012,9.47,35,1.91,46.148221,80.9,46,12.4,1.34,9.4
Finland_2013,9.52,35.5,-1.81,47.965212,81.2,45.3,12.3,1.4,9.3
Finland_2014,8.73,35.1,6.38,50.594257,81.4,45,12.4,1.4,9.4
France_1990,7.08,17,1.04,26.159275,77.2,33.7,7.33,1.04,7.6
France_1991,7.5,17.4,1.19,26.683032999999998,77.4,33.9,7.5,1.05,7.7
France_1992,7.28,19.9,1.56,29.726353,77.6,34.3,7.8,0.981,7.8
France_1993,6.9,18.8,1.57,35.005109,77.8,33.9,8.1,1.05,7.9
France_1994,6.79,18.9,1.13,38.792508,78,34.6,8.4,1.1,8
France_1995,6.88,21.1,1.48,44.119832,78.2,35.2,8.8,1.02,8.033333333333333
France_1996,7.13,19.1,1.37,47.585737,78.4,35.5,9,0.999,8.066666666666666
France_1997,6.98,17.8,1.59,48.825126,78.7,36.3,9.2,0.897,8.1
France_1998,7.29,19.2,1.96,49.929876,78.8,37.4,9.4,0.714,8.133333333333333
France_1999,7.19,19.5,3.08,49.685974,78.9,38.5,9.6,0.682,8.166666666666666
France_2000,7.06,20.1,3.03,48.58023,79.2,39.7,9.8,0.834,8.2
France_2001,7.09,19.3,3.64,48.465739,79.3,40.2,10,0.813,8.2
France_2002,6.96,20,3.43,50.616282,79.5,40.4,10.1,0.775,8.2
France_2003,7.02,20.8,2.3,53.757177,79.7,40.4,10.2,0.723,8.2
France_2004,6.99,21.6,1.68,53.667242,80.3,41.3,10.3,0.704,8.4
France_2005,6.99,21.8,3.88,54.295106,80.6,41.6,10.4,0.674,8.6
France_2006,6.77,22.1,3.4,51.418959,80.8,42.4,10.6,0.673,8.5
France_2007,6.56,22.8,3.15,51.185767,81.1,43.1,10.7,0.57,8.1
France_2008,6.42,22.8,2.32,55.250504,81.2,43,10.7,0.656,7.9
France_2009,6.12,22,0.682,67.046336,81.4,41.5,10.8,0.712,7.7
France_2010,6.2,20.9,1.47,68.250765,81.6,42.1,10.9,0.617,7.7
France_2011,5.78,20.5,1.54,69.642518,81.8,42.9,10.9,0.626,7.8
France_2012,5.76,20.6,1.23,72.026863,82,42.8,11,0.607,7.8
France_2013,5.75,20.7,1.12,74.745334,82.3,42.8,11.2,0.607,8
France_2014,5.23,20.9,0.203,76.026915,82.6,43,11.4,0.44,8
Germany_1991,12.8,19.5,0.254,22.772985,75.8,38.3,8.9,1.11,8.8
Germany_1992,12.1,20.9,-0.1,24.847479,76.2,38.7,9.1,1.12,8.9
Germany_1993,11.9,19.8,0.0232,27.06989,76.3,38.1,9.3,1.15,9
Germany_1994,11.6,20.4,0.341,28.815774,76.6,38.9,9.5,1.15,8.5
Germany_1995,11.6,19.9,0.466,35.465927,76.9,39.4,9.7,1.14,8.6
Germany_1996,11.8,19.2,0.624,37.2755,77.1,39.6,9.8,1.08,8.9
Germany_1997,11.5,18.5,0.843,37.747444,77.5,40.2,10,0.886,8.9
Germany_1998,11.4,19.7,1.32,38.261435,77.8,41,10.2,0.846,8.9
Germany_1999,11,20.3,3.92,39.062385,78.1,41.8,10.3,0.857,8.7
Germany_2000,11.1,20.2,12.7,38.226913,78.4,42.9,11.2,0.712,8.8
Germany_2001,11.3,19.1,2.93,36.416913,78.7,43.6,11.7,0.666,8.6
Germany_2002,11.1,18.9,2.47,37.009126,78.8,43.4,12.1,0.711,8.6
Germany_2003,11.1,19.9,2.61,38.883508,78.9,43.1,12.5,0.642,8.5
Germany_2004,10.9,20.8,-0.725,39.752312,79.3,43.6,12.9,0.621,8.5
Germany_2005,10.6,20.7,2.1,41.298076,79.6,43.9,13.3,0.543,8.2
Germany_2006,10.8,21,2.92,41.175558,79.9,45.7,13.6,0.55,8.3
Germany_2007,10.5,21.8,1.48,39.523474,80,47.1,13.7,0.559,8.3
Germany_2008,10.5,22,0.827,40.051404,80.2,47.6,13.7,0.495,8.4
Germany_2009,9.76,21.3,1.66,44.410994,80.3,45,13.8,0.514,8.3
Germany_2010,10.3,20.9,2.53,52.143191,80.5,47,13.8,0.561,8.4
Germany_2011,10,21.1,2.6,50.003304,80.7,49.8,13.9,0.492,8.4
Germany_2012,10.1,21.6,1.86,50.645537,80.8,49.9,14,0.493,8.2
Germany_2013,10.3,21.9,1.8,49.540079,80.8,50,14,0.46,8.1
Germany_2014,9.74,22.2,0.501,47.771424,81,50.8,14,0.419,8.1
Germany_2015,9.74,22.6,1.86,45.34717,80.9,51.2,14.1,0.506,7.9
Greece_1995,8.1,25.6,0.769,101.6657,77.8,24.9,8.2,1.17,5.9
Greece_1996,8.23,26.3,0.725,104.10757,77.9,25.5,8.3,1.41,6.08
Greece_1997,8.61,27.3,0.687,100.7269,78.1,26.5,8.3,1.41,6.26
Greece_1998,9,29.4,0.0493,98.177842,78.2,27.4,8.4,1.17,6.44
Greece_1999,8.89,30.6,0.058,97.367714,78.2,28.1,8.5,1.06,6.62
Greece_2000,9.3,32.1,-0.00628,99.378216,78.4,29.1,8.6,0.972,6.8
Greece_2001,9.47,32,0.00147,96.572348,78.7,30.2,8.8,0.885,6.933333333333334
Greece_2002,9.4,32.8,0.0221,102.48954,78.9,31.3,9.1,0.657,7.066666666666666
Greece_2003,9.73,34.6,0.696,100.23456,79.1,33,9.3,0.972,7.2
Greece_2004,9.76,36,0.891,105.27379,79.2,34.6,9.6,0.812,7.1
Greece_2005,10.2,36,0.278,109.03758,79.4,34.7,9.8,0.917,6.9
Greece_2006,10.1,35.7,1.98,104.71873,79.7,36.5,9.9,0.726,6.7
Greece_2007,10.3,37,0.614,103.74114,79.6,37.6,10,1.02,7
Greece_2008,10.1,37.3,1.61,109.21981,80,37.4,10.1,1.19,7.1
Greece_2009,9.53,34,0.835,126.74572,80.2,35.7,10.1,1.29,7
Greece_2010,8.95,30.2,0.179,151.82943,80.4,33.7,10.3,1.34,6.7
Greece_2011,8.74,28.2,0.386,180.99534,80.5,30.3,10.3,1.43,6.1
Greece_2012,8.49,27.9,0.687,162.18427,80.6,28.3,10.3,1.3,5.8
Greece_2013,7.62,26.2,1.23,178.9807,80.9,27.8,10.4,1.19,5.9
Greece_2014,7.36,26.2,1.15,182.76273,81,28.1,10.5,0.862,5.9
Greece_2015,7.04,26.2,0.648,182.46105,80.9,28.3,10.6,0.752,5.8
Hungary_2004,5.98,15.4,4.36,57.280136,73.1,23.4,10.6,1.67,8.3
Hungary_2005,6,16.9,24.3,58.784599,73.1,24.4,10.9,1.51,7.1
Hungary_2006,5.96,15.1,16.1,62.251809,73.5,25.4,11.1,1.65,8.7
Hungary_2007,5.85,14.9,50.4,62.740514,73.6,25.5,11.3,1.46,8.7
Hungary_2008,5.75,16.1,47.4,68.229404,74.2,25.8,11.5,1.68,8.8
Hungary_2009,5.21,14.5,-2.13,73.873509,74.4,24.2,11.7,1.07,8.8
Hungary_2010,5.26,13.2,-15.7,75.194422,74.8,24.5,11.9,1.17,8.2
Hungary_2011,5.09,13.2,7.56,75.799818,75.1,25,12,1.19,8.1
Hungary_2012,4.75,12.5,8.39,74.003801,75.4,24.8,12.2,1.17,7.6
Hungary_2013,4.46,13.1,-2.64,74.729546,75.9,25.3,12,0.953,7.5
Hungary_2014,4.48,14.1,9.26,75.197582,76,26.5,11.8,0.672,7.6
Hungary_2015,4.78,14.3,-4.21,73.825603,75.9,27.5,11.8,1.02,7.8
Hungary_2016,4.87,14.6,54.2,73.422674,76.3,28.2,11.9,0.809,8
Iceland_2003,10.4,39.2,2.93,84.505887,81.2,43.1,9.8,1.56,9.5
Iceland_2004,10.7,44.8,5.46,78.998187,81.4,46.1,9.9,1.42,9.4
Iceland_2005,10.1,55.3,18.4,66.532037,81.6,48.1,10,1.04,9.2
Iceland_2006,10.5,59.6,22.2,69.679192,81.7,50,10.2,0.34,8.9
Iceland_2007,11.5,57.6,31.7,67.478182,81.9,52.8,10.3,0.619,9.1
Iceland_2008,12.2,44,6.66,107.95905,82.2,53,10.4,0.311,8.6
Iceland_2009,11.8,31.5,0.483,124.75733,82.4,48.8,10.5,0.334,9.1
Iceland_2010,11.3,31.3,1.87,130.00446,82.6,47.5,10.6,0.581,9.5
Iceland_2011,10.8,33,7.27,135.67172,82.8,48.2,11,1.01,9.3
Iceland_2012,10.7,33.4,6.94,131.60109,82.9,48.4,11.5,0.332,9.3
Iceland_2013,10.7,33.6,2.93,120.185,83.2,50.2,11.9,0.373,9.9
Iceland_2014,10.5,33.8,4.29,114.85132,83.7,50.5,12.2,0.345,9.4
Iceland_2015,10.7,34.1,6.54,95.308952,83.7,52.1,12.2,0.744,9.5
Iceland_2016,10.5,34.4,-5.13,81.549177,83.8,54.7,12.4,0.246,9.4
Ireland_1990,9.38,13.4,1.26,86.301016,75,26.4,9.73,0.667,7
Ireland_1991,9.57,16.3,2.73,83.916993,75.2,26.8,9.9,0.624,7
Ireland_1992,9.48,14.2,2.61,81.787947,75.4,27.5,10,0.796,7
Ireland_1993,9.5,13.3,2.06,81.740703,75.5,28.1,10.1,0.646,7
Ireland_1994,9.76,14.4,1.5,79.557991,75.8,29.6,10.3,0.694,7
Ireland_1995,9.98,15.9,2.09,77.375279,75.7,32.3,10.4,0.767,6.8
Ireland_1996,10.3,16.4,3.45,69.481806,76,34.4,10.5,0.931,7.1
Ireland_1997,10.6,17.6,2.45,61.255662,76.1,37.8,10.6,0.842,7.275
Ireland_1998,11,19.7,9.83,51.107564000000004,76.3,40.7,10.7,1.06,7.449999999999999
Ireland_1999,11.4,20.9,18.4,48.261355,76.4,44.5,10.8,0.979,7.625
Ireland_2000,12,22.7,25.7,38.220996,76.8,48,10.8,1.03,7.8
Ireland_2001,12.4,21,8.83,35.128028,77.3,49.7,11,1.02,7.699999999999999
Ireland_2002,11.8,22.2,22.8,32.596591,77.8,51.8,11.2,1.07,7.6
Ireland_2003,11.5,24.2,13.8,31.386655,78.3,52.5,11.4,0.885,7.7
Ireland_2004,11.4,26,-5.46,29.633313,78.7,55,11.6,0.571,7.6
Ireland_2005,11.6,28.2,22.2,28.831563,79.1,56.9,11.7,0.896,7.7
Ireland_2006,11.3,29,9.51,26.10625,79.4,58.2,11.8,0.98,7.9
Ireland_2007,11,28.2,22.2,26.457067,79.7,59.5,11.9,1.05,8.2
Ireland_2008,10.7,27.7,8.45,45.158046,80,55.7,12,0.805,8.2
Ireland_2009,9.38,22.4,22.8,64.764588,80.2,52.3,12.1,1.03,7.7
Ireland_2010,9.16,21.3,17,89.841071,80.8,53,12.2,0.7989999999999999,7.6
Ireland_2011,8.28,20.5,9.92,114.33067,80.8,53.3,10.9,0.568,7.4
Ireland_2012,8.29,20.4,25.8,123.42142,81,53,11.3,0.83,7.5
Ireland_2013,8.06,20.6,29.7,123.73751,81.2,53.4,11.8,0.544,7.3
Israel_1995,9.47,25.8,1.34,94.499731,77.8,26.2,11.6,1.46,6.42
Israel_1996,9.58,26.2,1.27,92.691063,78,27.1,11.7,1.04,6.26
Israel_1997,9.86,25.2,1.42,91.013589,78.2,27.5,11.8,0.541,6.1
Israel_1998,9.84,28.1,1.5,92.811383,78.4,28,11.8,0.502,6.05
Israel_1999,9.41,27.1,3.54,87.095105,78.7,28.2,11.9,2.14,6
Israel_2000,10,26.9,6.08,77.226461,78.9,29.9,12,3.12,5.95
Israel_2001,10.4,25.7,1.35,81.339722,79,29.3,12.1,5.8,5.9
Israel_2002,9.62,25.8,1.31,87.843241,78.9,28.6,12.1,7.76,5.5
Israel_2003,9.95,22.9,2.61,90.401896,79.5,28.5,12.2,5.06,5.2
Israel_2004,9.18,19.9,2.17,89.070652,79.9,29.3,12.2,3.57,4.8
Israel_2005,8.66,21.7,3.38,86.108894,80.3,30,12.3,3.24,4.8
Israel_2006,9.31,22.3,9.34,78.095108,80.4,31.2,12.1,3.19,4.8
Israel_2007,9.18,23.2,4.91,71.101812,80.8,32.5,12.5,2.07,5
Israel_2008,9.69,22.5,4.74,70.110255,81,33,12.6,2.03,4.8
Israel_2009,8.89,21.9,2.22,72.880579,81.4,32.6,12.6,2.08,4.6
Israel_2010,9.3,22.7,2.98,69.01665,81.9,33.9,12.6,2.16,4.7
Israel_2011,9.17,23.8,3.3,67.273934,82,35.1,12.7,2.21,4.8
Israel_2012,9.83,23.6,3.49,66.830116,82.3,35.4,12.8,1.8,4.7
Israel_2013,8.41,23.9,4.03,65.528302,82.5,36.4,12.8,1.71,5
Israel_2014,7.88,23.8,1.95,64.368138,82,37.2,12.9,1.65,5
Israel_2015,8.15,23.8,3.78,62.323274,82.7,37.3,13,1.7,5
Italy_1990,7.71,15.5,0.545,93.411212,77.2,36.6,7.29,2.55,7.7
Italy_1991,7.7,16.5,0.193,96.001283,77.3,37.1,7.4,2.73,7.7
Italy_1992,7.66,19.7,0.236,102.63747,77.5,37.4,7.5,2.11,6.9
Italy_1993,7.53,16.5,0.351,112.39705,77.8,37.1,7.7,1.61,6.1
Italy_1994,7.43,16.7,0.201,119.40166,78,37.9,7.8,1.47,6.199999999999999
Italy_1995,7.9,17.1,0.412,117.70205,78.2,38.9,7.9,1.42,6.3
Italy_1996,7.79,17,0.27,117.62121,78.5,39.4,8.1,1.37,6.166666666666667
Italy_1997,7.89,17.5,0.297,115.05206,78.8,40.1,8.2,1.16,6.033333333333333
Italy_1998,8.11,18.5,0.208,112.2715,79,40.8,8.3,1.19,5.9
Italy_1999,8.2,19.2,0.554,110.65526,79.3,41.5,8.4,1.16,6.1
Italy_2000,8.3,19.4,1.15,105.94663,79.6,43.1,8.6,0.975,6.3
Italy_2001,8.38,19.3,1.27,105.6013,79.9,43.9,8.7,0.901,6.433333333333334
Italy_2002,8.36,20.3,1.35,103.15212,80.2,43.9,8.8,0.915,6.566666666666666
Italy_2003,8.53,21.9,1.24,101.21791,80.3,43.8,8.9,1.03,6.7
Italy_2004,8.54,22.8,1.11,100.65133,80.8,44.1,9.1,1.01,6.8
Italy_2005,8.49,23.2,1.98,101.5311,81,44.3,9.2,0.83,6.8
Italy_2006,8.36,24.1,2.92,100.76826,81.3,44.9,9.3,0.819,6.9
Italy_2007,8.16,24.7,2.98,97.816962,81.5,45.4,9.4,0.877,7.1
Italy_2008,7.94,24.2,-0.394,100.41617,81.6,44.6,9.5,0.771,6.9
Italy_2009,7.06,22.8,0.755,109.79923,81.8,42.1,9.6,0.781,6.7
Italy_2010,7.19,22.2,0.465,112.47503,82.1,42.7,9.7,0.699,6.4
Italy_2011,6.95,20.4,1.5,113.19086,82.2,42.9,9.8,0.706,6.4
Italy_2012,6.56,20.6,0.00167,120.03119,82.4,41.5,9.9,0.698,6.3
Italy_2013,6.06,20.3,0.912,126.33878,82.6,40.3,10.3,0.606,6.2
Italy_2014,5.77,20.5,0.788,129.81138,82.8,39.9,10.1,0.558,6.2
Italy_2015,5.88,20.9,0.724,130.0347,82.7,40.2,10.2,0.564,5.9
Japan_2008,9.59,26.1,0.482,143.26374,83.1,38.8,11.4,0.402,6.4
Japan_2009,9.05,23.5,0.231,158.08086,83.3,36.6,11.4,0.327,7.3
Japan_2010,9.46,24,0.129,165.7596,83.3,38.1,11.5,0.294,8.2
Japan_2011,9.85,25.7,-0.0137,177.92473,83.2,38.1,11.8,0.265,8.033333333333333
Japan_2012,10.2,26.7,0.00872,185.02924,83.6,38.7,12,0.262,7.866666666666666
Japan_2013,10.3,25.4,0.204,189.12759,83.9,39.6,12.2,0.23,7.7
Jordan_2008,3.16,7.97,12.5,54.24031,76.2,11.7,9.8,2.08,8.4
Jordan_2009,3.1,7.85,9.83,57.964557,76.7,11.7,9.9,2.4,8.3
Jordan_2010,2.84,8.4,6.22,59.437225,76.9,11.3,9.8,2.67,8.2
Kazakhstan_2000,8.95,11.6,7.49,21.620062,64.7,10.3,10.5,17,6.74
Kazakhstan_2001,8.57,13.8,12.7,17.658333,64.7,11.7,10.7,15.7,6.7
Kazakhstan_2002,9.76,13.8,10.5,15.356382,64.7,12.8,11,13.2,7.3
Kazakhstan_2003,10.8,14.2,8.05,13.21775,64.6,14,11.2,14.6,7.5
Kazakhstan_2004,11.2,14.4,13,9.9891175,64.6,15.2,11.5,13.762,8.2
Kazakhstan_2005,11.9,14.8,4.46,7.0552467,64.6,16.5,11.7,12.924,5.9
Kazakhstan_2006,13.3,16.6,9.4,5.9374168,64.8,18.1,11.7,12.086,8.9
Kazakhstan_2007,13.6,18.8,11.4,5.3220019,65.3,19.5,11.6,11.248,8.9
Kazakhstan_2008,13.4,16.8,12.6,6.3267628,66.3,19.8,11.5,10.41,9.5
Kazakhstan_2009,13,17.8,12.4,9.5136451,67.3,19.6,11.5,9.572,9.4
Kazakhstan_2010,14.5,16.8,5.04,10.185342,67.6,20.8,11.4,8.734000000000002,9.5
Kazakhstan_2011,13.8,18.1,7.14,9.7075037,68.1,22,11.5,7.896,9.5
Kazakhstan_2012,14,16.6,6.56,11.693356,68.6,22.7,11.5,7.058000000000001,9.4
Kazakhstan_2013,14.1,18.3,4.23,12.217464,69.4,23.7,11.6,6.22,9.8
Kazakhstan_2014,14.8,17.8,3.3,14.147285,70.1,24.4,11.7,5.82,9.9
Kazakhstan_2015,15,17.8,3.57,21.195756,70.6,24.3,11.7,5.89,10
Kyrgyzstan_2000,0.936,6.06,-0.172,123.30265,67.2,3.08,9.8,9.17,8.6
Kyrgyzstan_2001,0.779,5.97,0.328,108.20749,67.3,3.21,9.9,7.88,8.8
Kyrgyzstan_2002,0.986,6.27,0.29,107.94147,67.2,3.18,10,7.56,8.6
Kyrgyzstan_2003,1.07,6.8,2.37,108.23028,67.1,3.37,10,7.07,9.3
Kyrgyzstan_2004,1.15,7.06,7.93,92.666456,67.4,3.56,10.1,7.24,7.7
Kyrgyzstan_2005,1.09,7.04,1.73,85.660709,67.4,3.52,10.2,8.3,8.4
Kyrgyzstan_2006,1.06,7.25,6.42,73.35469,67.2,3.59,10.2,7.16,7.3
Kyrgyzstan_2007,1.26,7.85,5.47,57.743779,67.6,3.86,10.3,6.39,7.6
Kyrgyzstan_2008,1.44,8.65,7.33,49.011562,68.3,4.14,10.3,5.91,8.4
Kyrgyzstan_2009,1.26,7.64,4.04,58.494401,69.3,4.21,10.4,6.72,9.1
Kyrgyzstan_2010,1.17,7.69,9.86,59.69859,69.6,4.14,10.6,6.63,8.7
Kyrgyzstan_2011,1.37,8.28,11.1,50.055759,70.3,4.34,10.6,6.19,9.7
Kyrgyzstan_2012,1.78,8.28,3.95,50.477879,70.7,4.26,10.7,4.79,9.6
Kyrgyzstan_2013,1.69,8.64,8.34,47.124756,71.2,4.63,10.7,4.02,9.3
Kyrgyzstan_2014,1.73,8.67,4.59,53.596786,71.6,4.72,10.8,3.78,10
Kyrgyzstan_2015,1.73,8.52,17.1,67.087345,71.9,4.81,10.8,3.74,9.5
Latvia_2004,3.4,12,4.1,12.603328,71.3,18.2,11.7,8.53,6.5
Latvia_2005,3.47,13.6,4.76,10.102956,70.9,20.3,12.1,9.14,5.9
Latvia_2006,3.74,16,7.91,8.302001,70.5,23,12.2,8.65,6.8
Latvia_2007,3.93,19.5,8.74,6.4771007,70.9,25.5,12.3,7.45,6.4
Latvia_2008,3.78,18.7,4,15.388243,72.1,24.9,12.2,6.78,6.1
Latvia_2009,3.48,15,-0.568,31.429512,72.9,21.7,12.3,5.19,5.9
Latvia_2010,4.04,15.2,1.98,39.121378,73.3,21.2,12.5,5.18,6.2
Latvia_2011,3.73,17.3,5.53,36.362118,73.9,22.1,12.6,4.92,6.4
Latvia_2012,3.64,18.5,3.84,35.679027,74.2,24,12.6,4.98,6.5
Latvia_2013,3.61,19,3.28,35.303617,74.2,24.7,12.7,4.95,6.5
Latvia_2014,3.56,20.9,3.33,38.165312,74.7,25.4,12.9,5.66,6.6
Latvia_2015,3.65,21.7,2.98,34.249179,75.1,26.6,12.8,4.26,7.1
Lithuania_2004,3.9,21.5,3.89,17.765386,72,19.2,11.5,5.9,5.8
Lithuania_2005,4.22,23.3,4.95,16.85224,71.3,21.1,11.8,5.24,6.4
Lithuania_2006,4.36,25.4,7.49,16.415211,70.9,23,12,5.43,6.9
Lithuania_2007,4.84,29.9,6.55,14.993468,70.6,25.8,12.1,4.81,6.8
Lithuania_2008,4.7,31.2,3.61,13.408145,71.4,26.8,12.2,4.86,6.6
Lithuania_2009,4.05,25.8,-0.963,26.435192,73,23.1,11.5,4.13,5.7
Lithuania_2010,4.39,26.2,2.97,33.630711,73.2,23.9,11.6,3.94,6.5
Lithuania_2011,4.57,29,4.32,33.978133,73.7,26,11.8,4.57,7.1
Lithuania_2012,4.65,30.4,1.58,36.69538,74,27.3,11.7,3.93,6.5
Lithuania_2013,4.36,32.3,1.65,35.789221,74,28.6,11.9,4.2,6.7
Lithuania_2014,4.34,33.7,0.736,37.619221,74.6,29.9,13,3.45,6
Lithuania_2015,4.48,34.9,2.5,39.725591,74.7,30.7,13,3.66,6.1
Lithuania_2016,4.54,35.5,2.74,37.41717,74.9,31.9,13,3.05,6
Luxembourg_2002,22.6,88,17.9,2.5599133,78.7,103,10.7,1.93,8.333333333333334
Luxembourg_2003,23.4,90.2,14.5,1.6629881,79,105,10.9,1.04,8.3
Luxembourg_2004,26.2,97.8,14.8,1.4035904,79.2,108,11.1,0.26,8.3
Luxembourg_2005,26.5,102,12.3,0.82781402,79.5,109,11.3,1.44,8.2
Luxembourg_2006,25.7,103,75.1,1.4623585,79.8,113,11.5,1.29,8.2
Luxembourg_2007,23.9,107,-57.5,1.430923,80.2,121,11.7,1.09,8.3
Luxembourg_2008,23.1,105,12.1,8.4765766,80.6,118,11.7,1.08,7.8
Luxembourg_2009,21.5,96.9,50,8.7406867,80.8,112,11.8,0.75,8
Luxembourg_2010,22.1,99.6,69.6,13.022117,81,114,11.8,1.93,8.2
Luxembourg_2011,21.4,109,14.3,12.121016,81.3,113,11.8,0.523,7.8
Luxembourg_2012,20.5,103,42.7,14.127643,81.5,112,11.8,0.188,7.3
Luxembourg_2013,19,106,24.6,15.660383,81.7,113,11.8,0.152,7.6
Luxembourg_2014,17.7,105,27.5,15.016739,82,113,12,0.59,7.9
Luxembourg_2015,16.5,105,20.8,14.370305,82.3,113,12,0.711,7.4
Malaysia_2007,6.85,20.4,4.69,38.272059,74.5,19.5,8.8,1.22,4.9
Malaysia_2008,7.44,20.6,3.28,37.996907,74.3,20.1,9.4,0.886,4.8
Malaysia_2009,7.11,20.1,0.0567,48.533227,74.2,19.4,9.6,0.799,4.933333333333334
Malaysia_2010,7.68,21.1,4.27,48.865735,74.4,20.5,9.8,0.675,5.066666666666666
Malaysia_2011,7.6,21.8,5.07,49.328117,74.6,21.3,10.1,0.603,5.2
Malaysia_2012,7.43,22.7,2.83,50.923039,74.8,22.1,10.1,0.747,5.5
Malaysia_2013,7.96,23.9,3.49,52.256858,75.3,22.9,10.1,0.449,5.8
Malaysia_2014,8.08,23.5,3.14,51.93807,75.1,23.9,10.1,0.435,5.8
Malta_2006,6.41,30.6,369,58.823621,80.3,29.6,9.8,0.5815,8.6
Malta_2007,6.58,30.9,449,56.960357,80.4,30.9,9.9,0.706,8.3
Malta_2008,6.74,31,163,56.80226,80.6,31.9,10,1.16,8.5
Malta_2009,6.15,25.8,16.6,62.094823,80.8,31.3,10.2,0.666,8.2
Malta_2010,6.12,25.9,102,61.179983,81.1,32.9,10.3,0.951,8.4
Malta_2011,6.26,25.8,81,64.762233,81.2,32.9,10.5,0.514,8.5
Malta_2012,6.58,25.4,35.1,63.129726,81.4,33.9,10.8,1.52,8.4
Malta_2013,5.73,26.6,4.83,62.685502,81.6,35.3,11,1.15,8.6
Malta_2014,5.64,26.5,1.34,58.61662,81.8,37.2,11.1,0.726,8.6
Malta_2015,3.96,26.7,32.8,53.364738,82.2,39.8,11.2,0.606,8.5
Mexico_1990,3.78,8.19,1.01,37.789961,70.8,14.9,5.56,20.4,4.033333333333333
Mexico_1991,3.86,8.58,1.52,30.946163,71.3,15.3,5.7,20.2,3.9666666666666663
Mexico_1992,3.82,9.01,1.21,22.79349,71.5,15.6,5.9,22,3.9
Mexico_1993,3.82,9.04,0.877,20.375135,71.8,15.6,6.1,20.8,3.85
Mexico_1994,3.9,9.45,2.08,28.156432,72.2,16.1,6.2,19.8,3.8
Mexico_1995,3.62,7.6,2.65,32.458384,72.3,14.8,6.4,19,3.5
Moldova_1997,1.7,0.08,4.08,48.136493,68.1,5.48,8.8,13,6.5
Moldova_1998,1.52,0.05,4.45,82.933556,68.8,5.12,8.8,11.5,6
Moldova_1999,1.11,0.04,3.23,77.867382,68.8,4.96,8.9,11.1,6
Moldova_2000,0.851,0.05,9.9,71.590159,68.9,5.07,9,11.6,6.9
Moldova_2001,0.905,0.04,6.99,60.816841,69.2,5.4,9.3,10.9,6.7
Moldova_2002,0.971,0.34,5.06,59.555989,69.1,5.83,9.6,9.81,7
Moldova_2003,1.06,0.05,3.72,52.874223,69.1,6.23,9.8,8.69,7.6
Moldova_2004,1.11,0.07,5.81,40.051348,69.4,6.71,10.1,7.01,7.4
Moldova_2005,1.19,0.48,6.38,33.256196,68.9,7.23,10.4,7.5,7
Moldova_2006,1.21,0.24,7.59,30.279629,69.4,7.6,10.6,6.73,7.1
Moldova_2007,1.21,0.2,12.2,23.195208,69.6,7.85,10.9,6.11,7.4
Moldova_2008,1.26,0.46,12,18.442649,69.9,8.47,10.9,6.59,7.3
Moldova_2009,1.11,0.51,4.85,24.197663,70.1,7.98,11,5.69,7.6
Moldova_2010,1.18,0.69,4.26,21.872753,70,8.55,11.1,6.14,8.1
Moldova_2011,1.21,0.92,4.43,19.465376,71.7,9.05,11.1,4.84,8.5
Moldova_2012,1.17,0.6,2.88,20.084057,72,9,11.4,4.98,9
Moldova_2013,1.2,3.17,2.55,19.677884,72.7,9.82,11.6,5.55,9.1
Moldova_2014,1.16,3.43,3.64,20.58009,72.3,10.3,11.6,4.19,9.7
Moldova_2015,1.18,3.54,2.92,22.990335,72.1,10.4,11.6,4.02,9.7
Moldova_2016,1.21,3.66,1.08,31.580362,72.6,10.9,11.6,4.24,10
Mongolia_2016,8.29,13.4,-37.2,78.80291,67.8,11,10.1,3.98,8
North Macedonia_2009,4.2,12,2.76,23.141917,73,13.1,8.9,1.22,4.1
North Macedonia_2010,4.15,11.6,3.2,23.678038,73.4,13.5,9.1,1.87,3.7
North Macedonia_2011,4.49,13.3,4.84,27.37466,73.7,13.8,9.3,1.27,4.4
North Macedonia_2012,4.25,12.9,3.47,33.282611,73.7,13.7,9.3,1.5,4.9
North Macedonia_2013,3.79,13.1,3.72,33.828723,74,14.1,9.4,0.726,5.6
Norway_1990,8.32,21.3,0.836,21.9864,76.9,42.1,10.47,1.16,10.04
Norway_1991,7.93,23.9,-0.29,22.5242,77.2,43.2,11.6,1.45,10
Norway_1992,8.1,25.4,-0.511,26.691043,77.3,44.5,11.6,1.1,9.925
Norway_1993,8.4,25.4,0.822,34.646364,77.5,45.5,11.7,0.974,9.85
Norway_1994,8.78,26.3,2.15,32.343635,77.8,47.5,11.7,0.754,9.775
Norway_1995,8.87,27.4,1.57,30.187128,78,49.3,11.8,0.999,9.7
Norway_1996,9.53,29.1,2.34,27.006759,78.3,51.5,11.8,0.962,9.7
Norway_1997,9.49,29.9,2.8,24.197785,78.5,53.9,11.9,0.785,9.7
Norway_1998,9.5,33.3,3.66,21.80999,78.5,55,11.9,0.864,9.7
Norway_1999,9.61,31.7,3.59,20.446176,78.7,55.7,12,0.717,9.7
Norway_2000,9.46,31,4.87,18.968423,78.9,57.1,12,1.13,9.7
Norway_2001,9.71,30.3,1.83,17.815004,79.1,58,12.1,0.783,9.633333333333333
Norway_2002,9.46,31.1,1.54,18.643315,79.3,58.5,12.1,0.89,9.566666666666666
Norway_2003,9.71,31.1,1.83,20.972559,79.7,58.7,12.2,0.938,9.5
Norway_2004,9.72,32.3,1.86,17.989366,80.1,60.7,12.7,0.773,8.8
Norway_2005,9.5,33.4,3.26,16.790662,80.4,61.9,12.4,0.632,9
Norway_2006,9.53,33.7,3.44,12.153637,80.5,62.8,12.5,0.935,9.2
Norway_2007,9.81,37,6.19,11.290573,80.7,64.1,12.6,0.669,9.4
Norway_2008,9.52,36.7,4.45,13.423889,80.9,63.6,12.7,0.588,9.1
Norway_2009,9.1,33.1,2.24,25.845992,81.1,61.7,12.7,0.604,9.4
Norway_2010,9.47,34.3,5.05,25.207497,81.3,61.4,12.7,0.742,9.5
Norway_2011,9.2,35.1,2.07,19.95973,81.3,61.2,12.8,2.6,9.5
Norway_2012,8.99,36.3,5.48,20.824358,81.6,62,12.6,0.566,9.4
Norway_2013,8.86,37.1,-0.262,19.667891,81.8,61.9,12.7,0.927,9.3
Norway_2014,8.74,37.2,0.651,15.45628,82.2,62.4,12.5,0.587,9.1
Norway_2015,8.72,37.6,1.89,15.518834,82.4,63,12.5,0.389,9
Poland_2004,8.43,17.9,5.44,44.133707,75,18.3,11.6,1.27,5.7
Poland_2005,8.41,18.6,3.61,46.571697,75.2,18.9,11.6,1.21,6.4
Poland_2006,8.76,18.7,6.23,46.609152,75.3,20.1,11.7,1.22,6.8
Poland_2007,8.76,21.4,5.83,42.233905,75.4,21.5,11.8,1.13,7.2
Poland_2008,8.58,21.8,2.73,44.334074,75.6,22.4,11.9,1.03,7.3
Poland_2009,8.23,20.2,3.19,46.027347,75.9,23.1,12.1,0.869,7.3
Poland_2010,8.71,21.6,3.83,48.509088,76.5,24,12.2,0.75,7.3
Poland_2011,8.7,23.6,3.51,49.265413,76.8,25.1,12.3,0.872,7.3
Poland_2012,8.52,22.5,1.48,48.899406,76.9,25.5,11.7,0.788,7.2
Poland_2013,8.43,22.3,0.153,50.890461,77.2,25.8,12.1,0.903,7.2
Poland_2014,8.11,22.7,3.65,45.577271,77.6,26.6,11.3,0.718,7.2
Poland_2015,8.22,23.2,3.15,46.335296,77.6,27.8,12.1,0.588,7.4
Portugal_2003,6.19,21.9,6.27,62.104721,77.8,30.4,7.2,1.47,6.2
Portugal_2004,6.43,23.2,1.31,65.118583,78.4,30.9,7.4,1.33825,6.4
Portugal_2005,6.62,22.7,1.71,69.673995,78.8,31.1,7.5,1.2065,6.7
Portugal_2006,6.15,22.3,6.42,71.115551,79.2,31.5,7.6,1.07475,6.7
Portugal_2007,5.9,21.4,2.5,70.222027,79.4,32.3,7.7,0.943,6.9
Portugal_2008,5.67,21.1,2.97,73.297012,79.7,32.3,7.8,1.28,6.9
Portugal_2009,5.39,18.8,2.28,84.937326,79.9,31.3,7.9,0.921,7.2
Portugal_2010,5,19.6,3.77,97.413964000000007,80.2,31.8,8.1,1.1,7
Portugal_2011,4.9,18.2,4.01,111.97857,80.5,31.3,8.3,0.812,6.8
Portugal_2012,4.75,17.9,9.9,128.10436,80.8,30.2,8.5,0.97,6.4
Portugal_2013,4.6,18.3,6.95,131.01413,81.1,30,8.6,0.835,6.2
Portugal_2014,4.61,18.3,5.24,133.51058,81.3,30.4,8.9,0.838,6.5
Romania_2006,4.95,13,9.02,13.418296,72.8,18.2,10.3,1.74,5
Romania_2007,5.09,14,5.79,13.012887,73.4,19.8,10.5,1.67,5.5
Romania_2008,5.05,16,6.38,12.494512,73.4,22,10.6,1.97,5.8
Romania_2009,4.25,13.4,2.66,21.185984,73.5,21,10.6,1.8,6
Romania_2010,4.11,14.1,1.93,28.590077,73.8,20.3,10.7,1.86,5.7
Romania_2011,4.42,15.3,1.29,32.994656,74.6,20.8,10.8,1.55,5.5
Romania_2012,4.28,14.1,1.79,35.815989,74.7,21.3,10.9,1.71,5.3
Romania_2013,3.84,15.4,2.02,36.466337,75.3,22.2,10.9,1.42,5
Romania_2014,3.87,15.9,1.93,38.281426,75,23.1,10.9,1.42,4.9
Romania_2015,3.91,16.4,2.43,37.455668,75.3,23.9,10.9,1.15,5.1
Romania_2016,3.83,16.5,3.32,37.557934,75.3,25.1,11,1.19,5.6
Russia_1997,9.99,6.72,1.2,54.7,67.2,13,10.6,22.2,6.3
Russia_1998,9.9,5.81,1.02,73.1,67.5,12.4,10.8,21.2,6.2
Serbia_2012,4.89,16.5,2.94,53.17339,74.8,14.9,10.5,1.48,4.7
Serbia_2013,5,18.7,4.26,56.260668,74.9,15.4,10.4,1.86,4.7
Serbia_2014,4.18,18.3,4.25,66.38604,75,15.2,10.7,1.35,4.3
Serbia_2015,4.93,19.7,5.91,69.972342,75.1,15.6,11,1.17,4.4
Slovakia_2006,7.9,29.1,8.06,35.476365,74.7,21.8,10.9,1.3066666666666666,9.3
Slovakia_2007,7.6,31.5,5.84,34.765004,74.7,24.1,11.1,1.2233333333333332,9.5
Slovakia_2008,7.67,32.4,4.6,33.850754,75,25.5,11.2,1.14,9.2
Slovakia_2009,6.98,28.9,1.7,42.568884,75.3,24,11.4,0.96,8.6
Slovakia_2010,7.13,31.2,2.33,46.374143,75.8,25.5,11.6,0.976,8.5
Slovakia_2011,7.04,32.8,5.46,48.747054,76,26.2,12.1,0.9425,8.7
Slovakia_2012,6.65,33.5,1.88,57.831625,76.3,26.5,12.3,0.909,8.6
Slovakia_2013,6.57,33.4,1.02,57.721786,76.7,26.6,12.2,0.998,8.3
Slovakia_2014,6.2,33.9,-0.359,56.981987,76.9,27.3,12.3,0.732,8.4
Slovenia_2004,8.37,22,2.22,24.162529,77.4,30,12,1.65,9.8
Slovenia_2005,8.5,22.4,2.68,23.993289,78.1,31.1,11.7,1.07,9.9
Slovenia_2006,8.57,24.4,1.75,23.36004,78.3,32.8,11.8,0.541,10
Slovenia_2007,8.59,27,3.92,21.0856,78.6,34.9,11.8,0.841,10
Slovenia_2008,9.01,27.9,1.94,18.935962,79.1,36.1,11.9,0.498,10.2
Slovenia_2009,8.03,23.7,-0.686,30.570756,79.4,33.1,12.1,0.517,9.8
Slovenia_2010,8.02,23.8,0.662,32.682219,79.7,33.4,12.1,0.352,9.7
Slovenia_2011,7.98,23.7,1.7,40.899543,80,33.6,12.2,0.799,9.7
Slovenia_2012,7.69,22.6,0.072,46.440493,80.2,32.6,11.7,0.608,9.4
Slovenia_2013,7.36,22.3,0.215,60.337067,80.5,32.2,11.7,0.806,9.2
Slovenia_2014,6.55,22.9,2.04,69.126247,81.3,33.1,11.9,0.912,9.4
Slovenia_2015,6.58,23.2,4.01,70.211901,81,33.8,12,0.56,9.6
South Africa_2008,9.94,9.18,3.13,24.044823,54.3,13.8,9.7,11,2.6
South Korea_2006,9.53,23.3,0.87,27.167819,79.3,30,11.4,1.42,7.3
South Korea_2007,10.1,25.4,0.753,26.531207,79.8,31.6,11.5,1.25,7.25
South Korea_2008,10.3,25.4,1.07,25.809714,80.2,32.3,11.6,1.23,7.2
South Korea_2009,10.3,23.4,0.956,28.713704,80.5,32.4,11,1.25,7.25
South Korea_2010,11.4,24.9,0.83,28.262274,80.8,34.4,11.8,1.11,7.3
South Korea_2011,11.8,25.5,0.78,29.000591,81.2,35.4,11.8,0.98,7.3
South Korea_2012,11.7,26.6,0.743,29.518552,81.5,36,11.9,0.983,7.3
South Korea_2013,11.8,27.1,0.931,30.916449,81.9,37,12,0.979,7.4
South Korea_2014,11.6,27,0.625,32.183164,82.3,38,12.1,0.886,7.5
South Korea_2015,11.7,27.5,0.28,33.564123,82.6,38.8,12.1,0.87,7.5
Spain_1990,5.9,15.4,2.61,34.396451,77,27.5,6.52,0.929,7.7
Spain_1991,6.13,16.3,2.16,35.90078,77.1,28.2,6.4,0.855,7.4
Spain_1992,6.33,18,2.1,36.025401,77.5,28.3,6.7,0.833,7.1
Spain_1993,6.1,15.7,2.06,39.308575,77.7,27.9,7.1,0.9,6.800000000000001
Spain_1994,6.4,16,1.65,49.030234,78,28.4,7.4,0.837,6.5
Spain_1995,6.72,17.8,1.35,51.45706,78.1,29,7.7,0.821,6.2
Spain_1996,6.39,17.5,1.53,54.986593,78.3,29.7,7.9,0.809,6.38
Spain_1997,6.68,18.1,1.6,53.855313,78.8,30.7,8,0.79,6.56
Spain_1998,6.86,20.9,2.54,52.225006,79,31.9,8.1,0.804,6.74
Spain_1999,7.4,22,3.09,50.889013,79.1,33.2,8.2,0.776,6.92
Spain_2000,7.62,23.5,6.77,48.593549,79.5,34.8,8.4,0.915,7.1
Spain_2001,7.57,24,4.6,45.006153,79.8,35.9,8.5,0.912,7.133333333333333
Spain_2002,7.95,24.8,5.55,42.902283,79.9,36.3,8.5,0.947,7.166666666666667
Spain_2003,7.91,26.9,3.39,39.949777,80,36.8,8.6,0.938,7.2
Spain_2004,8.17,28.3,2.36,38.622862,80.3,37.3,8.6,1.26,6.9
Spain_2005,8.37,30.1,2.34,35.778727,80.6,38,8.9,0.804,7
Spain_2006,8.04,31.2,2.61,32.512593,81,38.9,9,0.761,6.7
Spain_2007,8.09,31.8,4.63,29.647376,81.2,39.5,9.1,0.668,6.7
Spain_2008,7.29,29.3,4.54,33.244367,81.4,39.2,9.2,0.74,6.6
Spain_2009,6.37,25,0.64,45.605446,81.8,37.4,9.3,0.636,6.3
Spain_2010,6.04,24.8,2.57,51.382619,82.1,37.3,9.4,0.611,6.3
Spain_2011,6.04,23.3,1.81,58.640146,82.3,36.9,9.5,0.653,6
Spain_2012,5.93,22.8,1.57,73.820514,82.4,35.8,9.5,0.568,6.1
Spain_2013,5.37,22.8,3.5,83.250475,82.7,35.4,9.5,0.588,5.7
Spain_2014,5.45,22.8,2.4,87.330945,82.8,36,9.7,0.563,5.7
Spain_2015,5.81,23.3,1.93,87.165233,82.8,37.4,9.7,0.557,5.8
Sweden_1990,6.71,20.1,0.757,40.209948,78,34.2,10.54,1.23,9.94
Sweden_1991,6.69,19.9,2.32,42.099949,78.1,33.5,10.6,1.4,9.82
Sweden_1992,6.61,19.6,-0.00191,53.399871,78.3,33,10.7,1.34,9.7
Sweden_1993,6.56,17.6,1.74,68.309959,78.5,32.1,10.8,1.23,9.6
Sweden_1994,6.8,15.9,2.74,72.799876,78.8,33.1,10.9,1.19,9.5
Sweden_1995,6.7,19.9,5.59,75.409881,79.1,34.2,10.9,0.997,9.4
Sweden_1996,7.13,20.5,1.88,79.109838,79.3,34.7,11,1.17,9.38
Sweden_1997,6.55,20.1,3.83,80.550039,79.5,35.8,11.1,1.03,9.36
Sweden_1998,6.62,21.9,8.62,79.740185,79.6,37.3,11.2,1.1,9.34
Sweden_1999,6.3,22.3,23,74.719868,79.8,38.8,11.3,1.17,9.32
Sweden_2000,6.16,21.7,8.68,66.569972,80,40.6,11.4,1.01,9.3
Sweden_2001,6.26,24.6,7.52,59.079976,80.2,41.1,11.5,0.923,9.3
Sweden_2002,6.35,25.6,6.89,56.370087,80.3,41.9,11.6,1.16,9.3
Sweden_2003,6.39,28.7,1.8,54.78998,80.5,42.7,11.8,0.893,9.3
Sweden_2004,6.28,30.4,4.38,53.369925,80.7,44.4,12.3,1.08,9.3
Sweden_2005,5.96,27.8,5.3,53.460091,81,45.4,12.4,0.896,8.7
Sweden_2006,5.9,32.5,5.21,48.430031,81.1,47.3,12.4,0.837,9.2
Sweden_2007,5.76,33.5,9.39,42.840026,81.3,48.6,12.5,1.15,8.9
Sweden_2008,5.49,31,8,40.889964,81.5,48,12.2,0.781,8.6
Sweden_2009,5.06,23.9,2.05,44.40004,81.7,45.5,12.2,0.907,8.6
Sweden_2010,5.63,30,0.126,40.939989,81.9,47.8,12.3,0.977,8.6
Sweden_2011,5.17,31.3,1.22,39.750053,82,48.9,12.4,0.736,8.5
Sweden_2012,4.86,31.3,0.774,40.480043,82.1,48.3,12.4,0.657,8.5
Sweden_2013,4.66,31.4,0.224,43.069989,82.3,48.5,12.2,0.81,8.1
Sweden_2014,4.46,31.6,-1.48,45.74,82.5,49.3,12.3,0.823,8.4
Sweden_2015,4.41,31.8,2.03,44.46,82.5,50.9,12.4,1.08,8.2
Switzerland_1990,6.64,20,2.08,10.9698,77.9,56.3,10.19,1.47,7.48
Switzerland_1991,6.87,20.6,1.05,11.774849,78.1,55.1,9.7,1.32,7.49
Switzerland_1992,6.78,20,0.403,14.046077,78.4,54.5,9.7,1.43,7.5
Switzerland_1993,6.35,18.8,0.626,16.545568,78.7,53.9,9.7,1.63,7.5375
Switzerland_1994,6.16,20.2,1.22,17.721568,79,54.2,9.8,1.32,7.575
Switzerland_1995,6.21,21,1.18,19.365395,78.9,54.1,9.8,0.939,7.6125
Switzerland_1996,6.27,19.9,1.43,20.59549,79.3,54.1,10.1,1.07,7.65
Switzerland_1997,6.09,19.3,2.84,22.223633,79.6,55.2,10.4,1.34,7.6875
Switzerland_1998,6.3,20.3,3.73,24.27887,79.9,56.7,10.8,0.799,7.725
Switzerland_1999,6.25,20.8,4.87,22.435581,80.1,57.4,11.1,0.977,7.7625
Switzerland_2000,6.11,23.5,8.25,22.102126,80.3,59.4,11.4,0.832,7.8
Switzerland_2001,6.28,25.9,3.4,21.628847,80.6,59.9,11.6,1.08,7.949999999999999
Switzerland_2002,6.02,26.7,2.66,24.848591,80.9,59.5,11.7,0.93,8.1
Switzerland_2003,6.15,26.2,5.43,24.856339,81.1,59,11.8,0.669,7.925
Switzerland_2004,6.18,28,1.75,24.710942,81.4,60.3,11.9,0.886,7.75
Switzerland_2005,6.2,29.8,0.634,24.473026,81.7,61.6,12,0.97,7.575
Switzerland_2006,6.09,31.1,12.1,21.649209,81.9,63.7,12.3,0.604,7.4
Switzerland_2007,5.76,32.1,9.87,19.387388,82.2,65.6,12.6,0.576,7.4
Switzerland_2008,5.87,31,0.524,18.609527,82.4,66.6,12.9,0.531,7.5
Switzerland_2009,5.65,28.2,8.54,17.439619,82.5,64.4,13.3,0.719,7.8
Switzerland_2010,5.77,29,2.93,16.548175,82.8,65.8,13.3,0.447,7.8
Switzerland_2011,5.19,30.2,2.88,16.258998,83,66.3,13.3,0.487,7.9
Switzerland_2012,5.28,30.7,5.77,16.236325,83.1,66.4,13.4,0.437,8.1
Switzerland_2013,5.33,31.2,-3.5,15.859986,83.3,66.9,13.4,0.521,7.9
Thailand_1994,2.29,8.68,0.932,5.6932197,70.9,9.36,4.9,7.36,6.1
Thailand_1995,2.64,9.76,1.22,4.6100947,70.7,10,5,7.07375,6.15
Thailand_1996,2.89,10.1,1.28,3.6734975,70.6,10.5,5.2,6.7875000000000005,6.2
Thailand_1997,2.95,9.35,2.59,4.6415204,71.7,10.1,5.5,6.501250000000001,6.300000000000001
Thailand_1998,2.59,6.52,6.43,10.669857,71.8,9.18,5.7,6.215,6.4
Thailand_1999,2.67,6.98,4.82,20.005779,71.4,9.49,5.9,5.928750000000001,6.1
Thailand_2000,2.71,7.69,2.66,21.964587,71.8,9.81,6.1,5.6425,6.2
Thailand_2001,2.87,7.66,4.21,24.578334,72.8,10.1,6.3,5.35625,6.25
Thailand_2002,3,8.16,2.49,30.070356,73.1,10.6,6.5,5.07,6.3
Thailand_2003,3.15,9.32,3.44,27.046018,73.6,11.3,6.7,5.08,6.199999999999999
Thailand_2004,3.36,10.2,3.39,24.3964,73.7,11.9,6.8,5.09,6.1
Thailand_2005,3.43,10.5,4.34,24.392201,74.8,12.3,7,5.1000000000000005,6.05
Thailand_2006,3.46,11.5,4.02,23.261117,75.4,12.8,7,5.11,6
Thailand_2007,3.49,11.5,3.28,22.604001,76,13.5,7.1,5.12,6.5
Thailand_2008,3.43,11.8,2.94,21.99186,76.5,13.6,7.3,4.62,6.4
Thailand_2009,3.64,10.8,2.28,26.795897,76.9,13.5,7.5,4.2,6.5
Thailand_2010,3.82,12.1,4.32,27.779262,77,14.4,7.7,4.79,6.6
Thailand_2011,3.76,13.3,0.667,27.315354,77.4,14.4,7.5,4.24,7.2
Thailand_2012,3.99,13.8,3.24,28.457899,77.7,15.4,7.7,4.31,6.6
Thailand_2013,4.17,14.1,3.79,29.632393,78,15.8,7.5,4.37,6.9
Thailand_2014,4.07,14.2,1.22,29.890917,78.1,15.9,7.6,3.86,7.1
Thailand_2015,4.1,14.4,2.22,32.090099,78.2,16.3,7.6,3.15,7.5
Thailand_2016,4.07,14.6,0.843,30.557332,78,16.8,7.6,2.58,7.3
Trinidad and Tobago_1990,13.9,4,2.16,47.708453,69.6,10.1,7.94,6.86,5.2
Trinidad and Tobago_1991,13.8,7.99,3.19,49.477126,69.9,10.3,8.1,8.11,5.35
Trinidad and Tobago_1992,15.5,3.94,3.27,49.151961,69.7,11.3,8.2,10.8,5.5
Tunisia_2009,2.31,5.71,3.51,46.646663,76,10.5,6.4,0.0745,6.640000000000001
Turkey_2009,4.43,12.1,1.32,43.924976,76.8,18.7,6.5,1.1,5.9
Turkey_2010,4.35,14,1.17,40.606345,76.7,20,6.7,1.45,5.9
Turkey_2011,4.63,15.5,1.93,36.946367,76.8,21.9,7.2,1.19,5.8
Turkey_2012,4.74,15.5,1.56,33.696359,77,22.6,7.5,1.23,5.8
Turkey_2013,4.55,15.7,1.42,32.147857,77,24.1,7.7,1.67,5.8
Turkey_2014,4.69,15.5,1.42,29.80767,77.1,24.9,7.6,1.51,5.8
Turkey_2015,4.86,15.6,2.23,28.849977,77.4,26,7.8,1.35,5.6
Ukraine_1995,7.67,5.38,0.554,30.151822,67,7.91,10,14.1,6.2
Ukraine_1996,6.95,4.52,1.17,24.36603,67.3,7.18,10.2,14,7.1
Ukraine_1997,6.79,4.72,1.24,28.891838,67.9,7.03,10.3,12.2,7.383333333333333
Ukraine_1998,6.61,3.82,1.77,46.537364,68.7,6.96,10.4,11.3,7.666666666666667
Ukraine_1999,6.06,3.67,1.57,58.958849,68.3,7.01,10.6,11.6,7.95
Ukraine_2000,5.85,4.08,1.84,43.789532,68,7.5,10.7,11.9,8.233333333333334
Ukraine_2001,6.28,4.84,2.01,36.690025,68.2,8.24,10.4,11.2,8.516666666666667
Ukraine_2002,6.17,4.79,1.58,33.579563,68.1,8.77,10.5,10.7,8.8
Ukraine_2003,6.46,4.88,2.74,29.380226,68.3,9.68,10.6,9.91,9.1
Ukraine_2004,6.58,6.28,2.55,24.798092,68,10.9,10.7,9.25,8.8
United Kingdom_1990,10.5,17.5,3.78,27.293248,75.8,31.2,8.88,0.724,6.9399999999999995
United Kingdom_1991,10.6,18.4,2.03,27.530958,76.1,30.8,8.6,0.732,6.8
United Kingdom_1992,10.3,18.1,1.95,32.144822,76.3,30.8,9.3,0.875,6.866666666666666
United Kingdom_1993,10.1,17.4,1.85,36.770551,76.4,31.5,10,1.25,6.933333333333334
United Kingdom_1994,9.97,19,1.72,39.510751,76.7,32.6,10.7,1.03,7
United Kingdom_1995,9.79,20.1,2.16,42.518005,76.8,33.4,11.4,1.01,7.1
United Kingdom_1996,10.1,19.8,2.28,42.74837,77,34.1,11.4,0.894,7.1
United Kingdom_1997,9.65,21.8,3.29,42.421749,77.3,35.7,11.5,0.688,7
United Kingdom_1998,9.71,23.3,6.64,40.324213,77.5,36.7,11.5,0.715,6.9
United Kingdom_1999,9.55,24.5,7.71,39.056814,77.6,37.7,11.6,0.772,6.8
United Kingdom_2000,9.63,25.9,9.87,36.361712,78,38.9,11.7,0.5925,6.6
United Kingdom_2001,9.75,24.3,3.41,33.638476,78.3,39.6,11.8,0.413,6.8
United Kingdom_2002,9.45,24.5,5.03,33.767264,78.5,40.2,11.9,0.453,7.1
United Kingdom_2003,9.6,24.4,1.75,34.799807,78.6,41.3,12,0.464,7.2
United Kingdom_2004,9.58,25.9,3.59,37.631304,79,42,12.1,0.489,6.7
United Kingdom_2005,9.46,27,9.93,38.746682,79.3,42.8,12.2,0.426,6.9
United Kingdom_2006,9.33,27.4,7.49,39.573909,79.5,43.6,12.4,0.43,7
United Kingdom_2007,9.1,27.3,6.75,40.568986,79.8,44.2,12.6,0.397,6.9
United Kingdom_2008,8.77,25.4,8.62,48.442136,80,43.8,12.8,0.34,7.2
United Kingdom_2009,7.87,21.5,0.6,62.326826,80.3,41.6,13.1,0.306,7.2
United Kingdom_2010,8.07,22.3,2.68,73.304309,80.6,42.1,13.2,0.28,7.3
United Kingdom_2011,7.34,22.1,1.01,79.022565,80.8,42.4,13,0.292,7.4
United Kingdom_2012,7.56,22.4,1.72,82.207423,80.9,42.8,12.9,0.233,7.6
United Kingdom_2013,7.36,22.3,1.94,83.247769,81,43.3,12.6,0.219,7.4
United Kingdom_2014,6.71,22.5,1.91,85.123467,81.1,44.2,12.7,0.19,7.3
United Kingdom_2015,6.42,22.7,1.53,85.752857,81,45,12.8,0.192,7.4
United States_1990,20.3,27.8,1.19,50.079413,75.7,40.4,12.32,9.74,5.6
United States_1991,19.9,26.5,0.561,53.553833,75.9,39.9,12.4,10.4,5.6
United States_1992,20.2,27.9,0.465,55.797709,76,40.7,12.5,9.96,5.5
United States_1993,20.4,26.8,0.732,57.389579,75.9,41.3,12.6,10.2,5.2
United States_1994,20.5,29.3,0.768,56.698261,76,42.4,12.7,9.71,5.4
United States_1995,20.5,29.7,0.904,56.353742,76.1,43,12.7,8.9,5.5
United States_1996,21,31,1.21,55.722561,76.4,44.1,12.7,8.07,5.5
United States_1997,21,33.2,1.42,53.095523,76.8,45.5,12.7,7.57,5.4
United States_1998,20.9,35.8,2.33,50.067424,76.9,47,12.7,6.91,5.4
United States_1999,20.9,36,3.24,46.851469,76.9,48.7,12.7,6.48,5.5
United States_2000,21.3,36.4,3.41,41.383999,77,50.1,12.7,6.19,5.5
United States_2001,20.7,36,1.63,40.663216,77.1,50.1,12.7,7.3,5.4
United States_2002,20.7,35.7,1.02,42.124274,77.2,50.5,12.7,6.34,5.3
United States_2003,20.7,35.5,1.02,44.676876,77.3,51.5,12.8,6.33,5.2
United States_2004,20.9,37.9,1.75,45.47616,77.7,53,12.8,6.14,5.3
United States_2005,20.8,39.6,1.09,45.612806,77.7,54.4,12.8,6.37,5.3
United States_2006,20.3,39.8,2.16,44.827463,78,55.4,12.8,6.51,5.2
United States_2007,20.4,38,2.4,45.16842,78.2,55.9,12.9,6.42,5.2
Venezuela_1990,6.21,6.12,0.928,63.261968,72.4,15.4,4.59,13.5,4.6000000000000005
Venezuela_1991,5.73,7.8,3.58,62.191092,72.9,16.6,4.8,13.5,4.8
Venezuela_1992,5.14,10,1.04,54.805706,72.9,17.3,5,13.5,5
Venezuela_1993,5.9,8.92,0.619,57.746981,72.8,17.1,5.1,15.1,4.7
Venezuela_1994,6.04,7.99,1.37,63.891448,72.3,16.4,5.3,15.9,4.3999999999999995
