country,year,value
Costa Rica,2006,62.69732919
Colombia,2006,56.60604563
Switzerland,2006,50.93119128
Ecuador,2006,50.34007846
Panama,2006,52.60960355
Jamaica,2006,59.99187238
Guatemala,2006,53.12046254
Honduras,2006,51.36322347
New Zealand,2006,48.68519331
Philippines,2006,47.11095098
El Salvador,2006,50.32695609
Peru,2006,46.6351335
Nicaragua,2006,44.25510611
Tajikistan,2006,47.03863646
Dominican Republic,2006,49.15579755
Armenia,2006,45.13628386
Bangladesh,2006,47.65086247
Uzbekistan,2006,45.2416458
Kyrgyzstan,2006,45.52971736
Nepal,2006,46.06797194
Thailand,2006,51.34278057
France,2006,46.45356597
Finland,2006,44.59294169
Senegal,2006,39.69878947
Ireland,2006,44.82152648
Albania,2006,46.74260972
Moldova,2006,45.5768351
Norway,2006,46.7034987
"Palestine, State of",2006,52.9525895
Argentina,2006,51.32284916
Indonesia,2006,47.13765851
Cyprus,2006,43.4482131
Venezuela,2006,51.84246612
Vietnam,2006,55.32717831
Israel,2006,48.09036197
Azerbaijan,2006,41.75944474
Cambodia,2006,36.48873523
Slovenia,2006,39.99413913
Paraguay,2006,40.72787698
Austria,2006,44.63927847
Sri Lanka,2006,49.10033936
Slovakia,2006,38.92892821
Portugal,2006,42.20819008
Chile,2006,49.14907797
Singapore,2006,40.4032941
Kenya,2006,34.76084965
Bolivia,2006,41.6858442
Uganda,2006,28.1507974
Georgia,2006,39.88779019
Mozambique,2006,33.7531329
Madagascar,2006,37.34735838
Belarus,2006,38.04271294
Laos,2006,44.01092126
China,2006,41.43122526
Malaysia,2006,42.81750432
Burkina Faso,2006,30.22364557
Benin,2006,30.27868906
Niger,2006,28.68442946
Ukraine,2006,36.72292584
Cameroon,2006,30.44378838
South Korea,2006,38.12709725
Ghana,2006,36.03747032
Mali,2006,29.68563853
Rwanda,2006,37.5362361
Lebanon,2006,41.53763241
Malawi,2006,28.60139062
Kazakhstan,2006,33.04892621
Haiti,2006,36.48131846
United States of America,2006,34.28075351
Togo,2006,28.66180709
Tanzania,2006,31.75252348
Lithuania,2006,40.55756034
India,2006,50.38297168
South Africa,2006,28.62841233
Russia,2006,30.48413183
Estonia,2006,29.19972805
Zambia,2006,34.04660962
United Arab Emirates,2006,28.21353484
Latvia,2006,30.97373015
Nigeria,2006,30.65718493
Kuwait,2006,28.46619179
Botswana,2006,27.35568655
Trinidad and Tobago,2006,30.44681249
Chad,2006,24.09967949
Sierra Leone,2006,24.06041872
Zimbabwe,2006,23.02516002
Costa Rica,2007,63.85307673
Colombia,2007,57.45894397
Ecuador,2007,49.79699425
Panama,2007,57.77082685
Guatemala,2007,55.99781518
Honduras,2007,48.88173159
New Zealand,2007,49.31791965
Philippines,2007,50.01526037
El Salvador,2007,47.32565329
United Kingdom,2007,44.15405772
Peru,2007,49.16158307
Nicaragua,2007,48.67104534
Tajikistan,2007,45.90088545
Netherlands,2007,45.04287133
Dominican Republic,2007,49.32449608
Armenia,2007,47.62238071
Brazil,2007,52.37377235
Bangladesh,2007,49.88295182
Mexico,2007,53.69420773
Uzbekistan,2007,45.35967428
Kyrgyzstan,2007,45.08029723
Serbia,2007,40.84048773
Nepal,2007,47.70987323
Thailand,2007,50.86990213
Germany,2007,45.01658586
Spain,2007,47.0891358
France,2007,47.22884585
Finland,2007,44.39006127
Senegal,2007,41.81345703
Ireland,2007,46.918696
Albania,2007,46.08787168
Moldova,2007,44.6005938
Norway,2007,45.43732684
Italy,2007,45.66885448
Sweden,2007,44.75065215
"Palestine, State of",2007,48.56531423
Argentina,2007,49.14511971
Indonesia,2007,47.99778346
Cyprus,2007,44.03192499
Venezuela,2007,50.32576521
Greece,2007,42.97984041
Vietnam,2007,55.53398066
Israel,2007,46.9613934
Azerbaijan,2007,41.19295043
Cambodia,2007,40.7858027
Slovenia,2007,39.58689112
Bosnia and Herzegovina,2007,43.11787337
Paraguay,2007,42.79494747
Japan,2007,47.49354724
Czech Republic,2007,40.08527772
Austria,2007,45.06668899
Sri Lanka,2007,49.49056197
Slovakia,2007,37.88222539
Portugal,2007,43.20115217
Romania,2007,44.68704846
Croatia,2007,42.74593653
Liberia,2007,31.82810649
Chile,2007,46.66462395
Singapore,2007,43.23313924
Hungary,2007,40.3184642
Denmark,2007,41.92387085
Kenya,2007,38.08535712
Pakistan,2007,52.03049631
Poland,2007,41.62402993
Bolivia,2007,43.14665963
Uganda,2007,32.79619376
Yemen,2007,42.81622682
Georgia,2007,39.13831563
Mozambique,2007,35.48787877
Madagascar,2007,39.92555817
North Macedonia,2007,38.06092275
Jordan,2007,50.08932013
Iran,2007,42.9965643
Egypt,2007,49.49227292
Australia,2007,40.03810372
Belarus,2007,37.6644216
Laos,2007,46.52288624
Belgium,2007,41.22820157
China,2007,42.87934612
Malaysia,2007,45.6625597
Saudi Arabia,2007,46.86118053
Burkina Faso,2007,32.56788515
Benin,2007,31.39647552
Niger,2007,31.75383911
Montenegro,2007,41.07156674
Turkey,2007,45.40601632
Ukraine,2007,39.14629268
Canada,2007,40.26709581
Bulgaria,2007,32.0694944
Cameroon,2007,33.21336773
South Korea,2007,40.12371658
Ghana,2007,40.13134436
Mali,2007,30.32761415
Rwanda,2007,39.31009436
Lebanon,2007,41.9621835
Malawi,2007,35.40695112
Kazakhstan,2007,32.73526059
Haiti,2007,36.89321374
United States of America,2007,35.92346499
Togo,2007,27.81180809
Tanzania,2007,34.49633606
Lithuania,2007,38.75950686
Namibia,2007,33.16640007
India,2007,47.9625022
South Africa,2007,29.11054581
Russia,2007,31.38456053
Mauritania,2007,33.01273789
Estonia,2007,29.55512133
Zambia,2007,30.79673975
Latvia,2007,29.29736653
Nigeria,2007,32.43576697
Botswana,2007,32.24977241
Trinidad and Tobago,2007,30.22308394
Chad,2007,27.71529734
Sierra Leone,2007,24.75383556
Zimbabwe,2007,21.22258785
Central African Republic,2007,25.91355415
Mongolia,2007,27.89716437
Costa Rica,2008,60.51999307
Colombia,2008,58.12270348
Ecuador,2008,51.12786287
Panama,2008,58.17455767
Guatemala,2008,57.27683549
Honduras,2008,52.05335918
New Zealand,2008,49.16499959
Philippines,2008,46.56026404
El Salvador,2008,47.39092543
United Kingdom,2008,46.28210945
Peru,2008,48.15789214
Nicaragua,2008,50.24593079
Tajikistan,2008,50.87694813
Netherlands,2008,45.81305725
Dominican Republic,2008,48.16824227
Armenia,2008,44.33711868
Brazil,2008,54.25783754
Bangladesh,2008,53.74850305
Mexico,2008,55.24347079
Uzbekistan,2008,45.27792492
Kyrgyzstan,2008,45.09527585
Serbia,2008,39.0521734
Nepal,2008,45.75361087
Thailand,2008,50.17161946
Germany,2008,45.62340759
Spain,2008,50.35498086
France,2008,48.33942309
Finland,2008,44.08706832
Senegal,2008,41.40910913
Ireland,2008,48.78800255
Albania,2008,49.4192236
Moldova,2008,46.86922399
Norway,2008,45.88407427
Italy,2008,48.34088863
Sweden,2008,48.86047852
"Palestine, State of",2008,50.89592105
Argentina,2008,47.14052617
Indonesia,2008,46.11512404
Cyprus,2008,45.03960225
Venezuela,2008,46.10084895
Greece,2008,42.98563807
Vietnam,2008,55.59174402
Israel,2008,50.25897669
Azerbaijan,2008,45.14299516
Cambodia,2008,43.41158242
Slovenia,2008,40.11970985
Bosnia and Herzegovina,2008,42.06984477
Paraguay,2008,45.11251133
Congo (Brazzaville),2008,34.8251954
Japan,2008,46.29341461
Czech Republic,2008,39.94546016
Austria,2008,45.26612105
Sri Lanka,2008,49.76649321
Slovakia,2008,38.00147322
Portugal,2008,44.82936701
Romania,2008,43.33098155
Croatia,2008,41.24388279
Liberia,2008,35.90426397
Chile,2008,47.1705262
Singapore,2008,40.26666944
Hungary,2008,38.11543518
Denmark,2008,43.24068337
Iraq,2008,45.1850772
Kenya,2008,35.97485224
Pakistan,2008,43.66829463
Poland,2008,41.68961774
Bolivia,2008,41.2285744
Uganda,2008,34.74809761
Yemen,2008,45.12404895
Georgia,2008,42.84598577
Mozambique,2008,34.89152461
Madagascar,2008,42.39165594
North Macedonia,2008,37.42327062
Jordan,2008,46.89296734
Iran,2008,42.80181378
Egypt,2008,43.72156533
Australia,2008,39.23511438
Belarus,2008,36.27367597
Laos,2008,44.93567809
Belgium,2008,41.47323412
China,2008,42.49792344
Malaysia,2008,42.67154623
Saudi Arabia,2008,43.56790204
Burkina Faso,2008,31.18758601
Benin,2008,32.34174935
Niger,2008,31.40019607
Montenegro,2008,36.98705934
Turkey,2008,43.33712945
Ukraine,2008,37.46689093
Canada,2008,40.67931995
Bulgaria,2008,31.03979196
Cameroon,2008,33.31113972
South Korea,2008,38.47842608
Ghana,2008,38.89810409
Mali,2008,31.12453002
Rwanda,2008,41.01108864
Lebanon,2008,40.57322198
Malawi,2008,37.53901887
Kazakhstan,2008,32.89760038
Haiti,2008,37.61291943
Burundi,2008,31.35514085
United States of America,2008,36.430841
Togo,2008,26.69783253
Tanzania,2008,35.92236613
Lithuania,2008,37.54437925
India,2008,49.20606508
South Africa,2008,29.82669651
Russia,2008,33.0766543
Mauritania,2008,34.1800882
Estonia,2008,33.19019837
Zambia,2008,36.15979326
Latvia,2008,36.02830237
Nigeria,2008,33.25065529
Botswana,2008,33.3830896
Trinidad and Tobago,2008,30.21809934
Chad,2008,30.58951436
Afghanistan,2008,36.53609139
Sierra Leone,2008,22.28127225
Zimbabwe,2008,22.23870084
Central African Republic,2008,25.53542921
Mongolia,2008,26.79998109
Costa Rica,2009,69.73701558
Colombia,2009,58.73970887
Switzerland,2009,52.4099266
Ecuador,2009,55.9064215
Panama,2009,59.10261993
Guatemala,2009,57.69670763
Honduras,2009,56.81642938
New Zealand,2009,52.72115559
Philippines,2009,48.85331457
El Salvador,2009,58.86448433
United Kingdom,2009,46.13577902
Peru,2009,51.35191024
Nicaragua,2009,52.39565117
Tajikistan,2009,47.36243284
Netherlands,2009,51.03148042
Dominican Republic,2009,53.08605248
Armenia,2009,42.42413062
Brazil,2009,57.13072579
Bangladesh,2009,53.89647436
Mexico,2009,57.3244776
Uzbekistan,2009,45.62294748
Kyrgyzstan,2009,47.36463989
Serbia,2009,39.3255437
Nepal,2009,49.44771157
Thailand,2009,50.00791569
Germany,2009,47.90920128
Spain,2009,47.93693843
France,2009,45.7927966
Finland,2009,47.60378582
Senegal,2009,39.72743169
Ireland,2009,49.51281272
Albania,2009,52.23617081
Moldova,2009,50.75684801
Norway,2009,48.9679754
Italy,2009,47.45438984
Sweden,2009,50.97745217
"Palestine, State of",2009,51.83958545
Argentina,2009,53.53150376
Indonesia,2009,50.85939214
Cyprus,2009,47.66258685
Venezuela,2009,51.48240842
Greece,2009,42.59033263
Vietnam,2009,53.87130673
Israel,2009,52.59424155
Azerbaijan,2009,42.77516494
Cambodia,2009,41.16138531
Slovenia,2009,43.19515453
Bosnia and Herzegovina,2009,42.99841887
Paraguay,2009,46.15191331
Congo (Brazzaville),2009,35.72309772
Japan,2009,47.33883978
Czech Republic,2009,42.17625515
Austria,2009,47.83653761
Sri Lanka,2009,48.25793592
Slovakia,2009,42.37410523
Portugal,2009,43.61702095
Romania,2009,45.90643314
Croatia,2009,42.5667891
Liberia,2009,36.44245386
Chile,2009,54.26997164
Singapore,2009,38.7711833
Hungary,2009,41.11391118
Denmark,2009,44.58598385
Iraq,2009,44.91336839
Kenya,2009,38.06280254
Pakistan,2009,49.27387632
Poland,2009,42.30492684
Bolivia,2009,45.65731547
Uganda,2009,35.83670151
Yemen,2009,45.90587932
Georgia,2009,40.9110918
Mozambique,2009,35.62018289
Madagascar,2009,42.14073942
Tunisia,2009,49.06907987
North Macedonia,2009,38.00918871
Jordan,2009,54.7213551
Iran,2009,41.39819766
Malta,2009,43.74276284
Egypt,2009,47.28680383
Australia,2009,41.04069394
Belarus,2009,38.30332149
Laos,2009,44.10764646
Belgium,2009,42.44426093
Comoros,2009,33.59342157
China,2009,39.0860096
Malaysia,2009,43.13406449
Saudi Arabia,2009,40.40506338
Burkina Faso,2009,32.75016684
Benin,2009,32.77384945
Niger,2009,33.62931553
Montenegro,2009,40.89750447
Turkey,2009,44.56455341
Ukraine,2009,41.40561805
Congo (Kinshasa),2009,34.6374354
Canada,2009,42.22372588
Bulgaria,2009,33.89132242
Cameroon,2009,35.88963822
South Korea,2009,40.89480118
Cote d'Ivoire,2009,31.69462597
Ghana,2009,34.43164522
Mali,2009,30.31393366
Rwanda,2009,39.66762335
Lebanon,2009,41.5076978
Malawi,2009,39.38430699
Kazakhstan,2009,31.54887196
Haiti,2009,37.29131817
Burundi,2009,33.33979857
United States of America,2009,37.9106921
Tanzania,2009,30.57461176
Lithuania,2009,39.1220955
India,2009,44.72603261
South Africa,2009,30.43454763
Russia,2009,32.64244489
Mauritania,2009,35.17297899
Estonia,2009,33.23223107
Zambia,2009,40.04219975
United Arab Emirates,2009,30.37735592
Latvia,2009,34.56258642
Nigeria,2009,34.02890576
Bahrain,2009,26.81642155
Kuwait,2009,29.44983081
Turkmenistan,2009,39.69440803
Botswana,2009,30.5737826
Luxembourg,2009,27.64663313
Chad,2009,25.96623711
Afghanistan,2009,40.82679628
Sierra Leone,2009,25.68434256
Zimbabwe,2009,27.7458791
Central African Republic,2009,24.81212465
Mongolia,2009,26.86115447
Qatar,2009,23.9353387
Costa Rica,2010,65.32937648
Colombia,2010,59.01677955
Ecuador,2010,54.07905593
Panama,2010,59.77150263
Guatemala,2010,56.62173391
Honduras,2010,55.92763679
New Zealand,2010,50.35937771
Philippines,2010,49.69931767
El Salvador,2010,58.06426832
United Kingdom,2010,49.03602917
Peru,2010,51.7872476
Nicaragua,2010,55.2174627
Tajikistan,2010,46.69455172
Netherlands,2010,47.39138695
Dominican Republic,2010,46.87298215
Armenia,2010,43.97572775
Brazil,2010,54.91007747
Bangladesh,2010,52.09620575
Mexico,2010,54.30567348
Uzbekistan,2010,44.93540157
Kyrgyzstan,2010,47.21619357
Serbia,2010,39.70136846
Nepal,2010,45.06659648
Thailand,2010,54.18028456
Germany,2010,46.80879459
Spain,2010,48.94516771
France,2010,48.8285616
Finland,2010,45.83405741
Senegal,2010,40.72991018
Ireland,2010,49.70944669
Albania,2010,51.34420037
Moldova,2010,50.12640516
Norway,2010,46.52768177
Morocco,2010,45.85718877
Italy,2010,46.40002935
Sweden,2010,46.98258404
"Palestine, State of",2010,53.79419885
Argentina,2010,51.7471639
Indonesia,2010,50.67727115
Cyprus,2010,45.73346035
Venezuela,2010,53.37668969
Greece,2010,43.48009841
Vietnam,2010,52.57620387
Israel,2010,50.72562633
Azerbaijan,2010,41.19098155
Cambodia,2010,41.50322486
Slovenia,2010,43.97230959
Bosnia and Herzegovina,2010,41.63556205
Paraguay,2010,45.69426051
Congo (Brazzaville),2010,38.62055725
Japan,2010,47.60634967
Czech Republic,2010,39.88784235
Austria,2010,46.81811714
Sri Lanka,2010,45.75176688
Slovakia,2010,43.47464175
Algeria,2010,51.53698015
Portugal,2010,41.4679506
Romania,2010,43.24013303
Croatia,2010,44.5285375
Liberia,2010,36.34755568
Chile,2010,51.589628
Singapore,2010,42.89845258
Hungary,2010,41.11109611
Denmark,2010,44.96441645
Iraq,2010,46.16099163
Kenya,2010,38.73600069
Pakistan,2010,53.97614711
Poland,2010,42.27951743
Bolivia,2010,44.09837191
Uganda,2010,34.18571397
Yemen,2010,42.97466418
Georgia,2010,43.11477767
Mozambique,2010,36.2862349
Madagascar,2010,41.93278367
Tunisia,2010,48.98835609
North Macedonia,2010,37.5320238
Jordan,2010,52.7815426
Iran,2010,40.63285666
Malta,2010,41.49180131
Egypt,2010,43.54419305
Australia,2010,41.8168227
Belarus,2010,38.00918881
Laos,2010,43.29501101
Belgium,2010,41.62212106
Comoros,2010,34.34939941
China,2010,39.71476631
Malaysia,2010,43.34144094
Saudi Arabia,2010,39.80021048
Burkina Faso,2010,33.33007702
Benin,2010,33.61473959
Niger,2010,32.10171515
Montenegro,2010,42.78808265
Turkey,2010,45.53276685
Ukraine,2010,39.63267789
Congo (Kinshasa),2010,36.65357207
Canada,2010,41.92835192
Bulgaria,2010,34.15580378
Cameroon,2010,34.98553543
South Korea,2010,42.02207695
Cote d'Ivoire,2010,31.2991433
Ghana,2010,36.72686424
Mali,2010,29.5957239
Rwanda,2010,40.73807822
Lebanon,2010,41.18118886
Malawi,2010,37.20701777
Kazakhstan,2010,32.73506135
Haiti,2010,37.08524984
Burundi,2010,33.44163595
United States of America,2010,37.15246597
Tanzania,2010,29.90270644
Lithuania,2010,35.7830111
India,2010,48.05939027
South Africa,2010,28.67873709
Russia,2010,33.42902407
Mauritania,2010,36.57375761
Estonia,2010,34.78693265
Zambia,2010,40.6741749
United Arab Emirates,2010,33.46181392
Latvia,2010,35.74551378
Nigeria,2010,32.76424187
Bahrain,2010,27.52771174
Kuwait,2010,33.01714846
Turkmenistan,2010,36.23486692
Botswana,2010,27.18543382
Luxembourg,2010,25.94504239
Chad,2010,25.95462037
Afghanistan,2010,43.42689119
Sierra Leone,2010,29.15147085
Zimbabwe,2010,32.22730154
Central African Republic,2010,24.42312589
Mongolia,2010,29.58643627
Qatar,2010,26.7351385
Costa Rica,2011,64.82593643
Colombia,2011,59.83016484
Ecuador,2011,53.95739193
Panama,2011,59.01768874
Jamaica,2011,50.81827837
Guatemala,2011,52.8693895
Honduras,2011,49.27862011
New Zealand,2011,47.99555486
Philippines,2011,50.19851175
El Salvador,2011,44.81394346
United Kingdom,2011,49.66662813
Peru,2011,52.99500965
Nicaragua,2011,52.4916415
Tajikistan,2011,45.79007509
Netherlands,2011,48.64210631
Dominican Republic,2011,51.46759571
Armenia,2011,42.40577199
Brazil,2011,55.48862381
Bangladesh,2011,53.09100783
Mexico,2011,57.55707983
Uzbekistan,2011,48.48158294
Kyrgyzstan,2011,46.55925389
Serbia,2011,41.17060213
Nepal,2011,41.22558488
Thailand,2011,57.0942297
Germany,2011,46.8023979
Spain,2011,52.10213559
France,2011,50.39587105
Mauritius,2011,44.48984783
Finland,2011,46.67670916
Senegal,2011,38.51768902
Ireland,2011,50.78617815
Albania,2011,54.31070324
Moldova,2011,52.0533336
Norway,2011,49.02817741
Morocco,2011,50.46697411
Italy,2011,45.41231387
Sweden,2011,46.7263718
"Palestine, State of",2011,53.94127505
Argentina,2011,53.35800953
Indonesia,2011,48.6782986
Cyprus,2011,49.46593357
Venezuela,2011,50.08223075
Greece,2011,42.34241541
Vietnam,2011,55.97025582
Israel,2011,49.18901073
Azerbaijan,2011,43.18067809
Cambodia,2011,41.3658785
Slovenia,2011,43.84567354
Bosnia and Herzegovina,2011,42.43902065
Paraguay,2011,43.41836206
Congo (Brazzaville),2011,40.60023763
Japan,2011,48.55175608
Czech Republic,2011,40.84213716
Austria,2011,46.88853818
Sri Lanka,2011,46.77425764
Slovakia,2011,42.15838315
Algeria,2011,49.66992947
Portugal,2011,44.06123755
Romania,2011,42.9666988
Croatia,2011,42.88971329
Liberia,2011,37.530793
Chile,2011,50.00405243
Singapore,2011,41.43094686
Hungary,2011,40.89134247
Denmark,2011,45.90656542
Iraq,2011,44.23529162
Kenya,2011,40.17400154
Pakistan,2011,50.62147946
Poland,2011,41.33808456
Bolivia,2011,43.59267376
Uganda,2011,38.74803424
Yemen,2011,39.61672253
Georgia,2011,43.16224787
Mozambique,2011,36.63309299
Madagascar,2011,41.76713709
Tunisia,2011,47.64653546
North Macedonia,2011,40.96014975
Jordan,2011,52.63450289
Iran,2011,40.74012061
Malta,2011,44.77389588
Egypt,2011,40.50357311
Australia,2011,40.38357785
Belarus,2011,37.75528297
Laos,2011,42.77756806
Belgium,2011,43.66628423
Comoros,2011,36.54272522
China,2011,41.39551681
Malaysia,2011,44.54936605
Saudi Arabia,2011,42.30796399
Burkina Faso,2011,38.77548042
Benin,2011,33.71125594
Niger,2011,35.09107612
Montenegro,2011,42.098871
Turkey,2011,43.59237846
Ukraine,2011,38.78923079
Congo (Kinshasa),2011,38.65721933
Canada,2011,40.72185476
Bulgaria,2011,34.20894448
Cameroon,2011,34.53738568
Gabon,2011,34.36130097
South Korea,2011,46.29525315
Cote d'Ivoire,2011,31.04580935
Sudan,2011,39.572231
Ghana,2011,42.49845934
Mali,2011,34.36348995
Rwanda,2011,41.77285854
Lebanon,2011,43.72771026
Malawi,2011,34.68837811
Kazakhstan,2011,30.83196769
Haiti,2011,44.72711296
Guinea,2011,32.50095681
Burundi,2011,33.73445312
United States of America,2011,38.06013143
Togo,2011,28.35657128
Tanzania,2011,35.3955867
Lithuania,2011,37.19639183
India,2011,45.65412365
South Africa,2011,31.26219681
Eswatini,2011,27.93264453
Russia,2011,32.30068003
Mauritania,2011,37.22349532
Estonia,2011,35.85437635
Zambia,2011,41.00839657
United Arab Emirates,2011,34.58613524
Latvia,2011,34.84015373
Nigeria,2011,35.41840947
Bahrain,2011,25.10983206
Kuwait,2011,32.48685357
Turkmenistan,2011,34.01777526
Botswana,2011,26.46662422
Luxembourg,2011,26.59692463
Trinidad and Tobago,2011,33.29722064
Chad,2011,30.36471972
Afghanistan,2011,37.66896191
Sierra Leone,2011,31.54123865
Zimbabwe,2011,34.54210895
Lesotho,2011,28.29373495
Central African Republic,2011,25.27242573
Mongolia,2011,30.39454198
Qatar,2011,26.20870875
Costa Rica,2012,64.62071067
Colombia,2012,59.7713259
Switzerland,2012,55.344236
Ecuador,2012,56.01244043
Panama,2012,60.23886604
Jamaica,2012,53.65348501
Guatemala,2012,53.89634547
Honduras,2012,47.42647683
New Zealand,2012,51.03660744
Philippines,2012,50.41740651
El Salvador,2012,52.78125706
United Kingdom,2012,50.23019768
Peru,2012,53.14087225
Nicaragua,2012,53.71831468
Tajikistan,2012,47.27031302
Netherlands,2012,47.2427647
Dominican Republic,2012,47.69589929
Armenia,2012,42.39224941
Brazil,2012,53.45363035
Bangladesh,2012,51.32226402
Mexico,2012,58.68056284
Uzbekistan,2012,50.37180977
Kyrgyzstan,2012,47.57703566
Serbia,2012,44.60895121
Nepal,2012,44.36500606
Thailand,2012,53.3909215
Germany,2012,47.91815756
Spain,2012,52.93268071
France,2012,49.01504863
Mauritius,2012,44.88865275
Finland,2012,48.90092187
Senegal,2012,37.11523911
Ireland,2012,50.60202509
Albania,2012,53.00751825
Moldova,2012,54.18247336
Norway,2012,49.91529734
Morocco,2012,50.36814867
Italy,2012,46.41585398
Sweden,2012,48.88225172
"Palestine, State of",2012,53.65679865
Argentina,2012,51.67447671
Indonesia,2012,49.98809854
Cyprus,2012,49.2382434
Venezuela,2012,51.31290388
Greece,2012,42.14877015
Vietnam,2012,54.48659324
Israel,2012,46.60305366
Azerbaijan,2012,44.28425701
Cambodia,2012,39.5112652
Slovenia,2012,45.61701713
Bosnia and Herzegovina,2012,41.52289299
Paraguay,2012,45.71576408
Congo (Brazzaville),2012,36.12712005
Japan,2012,46.78913529
Czech Republic,2012,43.40103616
Austria,2012,48.2825341
Sri Lanka,2012,47.1744287
Slovakia,2012,44.47779815
Algeria,2012,51.07444416
Portugal,2012,43.95476687
Romania,2012,45.30463355
Croatia,2012,47.03554175
Liberia,2012,38.52588525
Chile,2012,50.53259567
Singapore,2012,40.16821469
Hungary,2012,41.81288482
Denmark,2012,45.38651482
Iraq,2012,42.77202309
Kenya,2012,41.65506346
Pakistan,2012,49.91270062
Poland,2012,43.81430297
Bolivia,2012,44.78535441
Uganda,2012,36.5347972
Yemen,2012,41.15657246
Georgia,2012,42.65227229
Mozambique,2012,37.11625802
Madagascar,2012,36.37465274
Tunisia,2012,43.9866967
North Macedonia,2012,39.66909806
Jordan,2012,48.75771161
Iran,2012,39.80769142
Malta,2012,43.39711246
Egypt,2012,40.53152476
Australia,2012,41.61878076
Belarus,2012,38.98901893
Laos,2012,43.7907443
Libya,2012,41.67006164
Belgium,2012,41.85343931
Comoros,2012,37.83343349
China,2012,41.51301696
Malaysia,2012,45.05617904
Ethiopia,2012,42.41836249
Saudi Arabia,2012,39.30135434
Burkina Faso,2012,33.83803489
Benin,2012,29.82230496
Niger,2012,32.00630763
Montenegro,2012,42.24488612
Turkey,2012,44.13413565
Ukraine,2012,41.36429663
Congo (Kinshasa),2012,39.3656061
Canada,2012,40.9946749
Bulgaria,2012,36.51272783
Myanmar,2012,40.49970655
Cameroon,2012,33.68866595
Gabon,2012,32.98406192
South Korea,2012,41.81140804
Cote d'Ivoire,2012,30.49369918
Sudan,2012,41.1115484
Ghana,2012,39.18010818
Mali,2012,33.22863186
Rwanda,2012,36.76685729
Lebanon,2012,40.52043833
Malawi,2012,37.60431047
Kazakhstan,2012,34.68310661
Haiti,2012,42.15367491
Guinea,2012,30.37238435
Burundi,2012,33.36429478
United States of America,2012,38.56366651
Tanzania,2012,35.3514386
Lithuania,2012,38.62829304
India,2012,46.28362235
South Africa,2012,32.21788306
Russia,2012,34.33136935
Mauritania,2012,36.30072527
Estonia,2012,32.86366135
Zambia,2012,41.49864284
United Arab Emirates,2012,35.54235585
Latvia,2012,35.56833982
Nigeria,2012,37.6560132
Bahrain,2012,29.41886138
Kuwait,2012,32.81123253
Turkmenistan,2012,32.78841228
Botswana,2012,34.42986814
Luxembourg,2012,27.95102145
Trinidad and Tobago,2012,33.73692448
Chad,2012,28.07898478
Afghanistan,2012,37.53671393
Sierra Leone,2012,31.99779747
Zimbabwe,2012,37.34718711
Mongolia,2012,28.19054136
Qatar,2012,26.37276291
Costa Rica,2013,63.94380277
Colombia,2013,61.42439252
Switzerland,2013,54.62441171
Ecuador,2013,56.67169451
Panama,2013,60.67610178
Jamaica,2013,54.12878568
Guatemala,2013,55.24128718
Honduras,2013,48.8094675
New Zealand,2013,52.59797139
Philippines,2013,50.92686001
El Salvador,2013,56.30221984
United Kingdom,2013,50.52190692
Peru,2013,52.48202251
Nicaragua,2013,56.27109052
Tajikistan,2013,51.1765583
Netherlands,2013,49.38796453
Dominican Republic,2013,49.82645493
Armenia,2013,42.90328561
Brazil,2013,56.61812668
Bangladesh,2013,50.96412402
Mexico,2013,61.22500779
Uzbekistan,2013,50.81241477
Kyrgyzstan,2013,49.10395033
Serbia,2013,43.9231078
Nepal,2013,47.54047744
Thailand,2013,53.78269341
Germany,2013,49.38705872
Spain,2013,51.39150288
France,2013,49.90331992
Mauritius,2013,45.25224908
Finland,2013,47.30906272
Senegal,2013,37.68100801
Ireland,2013,48.9578249
Albania,2013,46.63413978
Moldova,2013,52.23396355
Norway,2013,48.94937498
Morocco,2013,51.63714245
Italy,2013,48.42445162
Sweden,2013,48.94512562
"Palestine, State of",2013,55.58988203
Argentina,2013,51.02018897
Indonesia,2013,49.80217157
Cyprus,2013,48.45698791
Venezuela,2013,49.56653632
Greece,2013,41.34455959
Vietnam,2013,50.19994607
Israel,2013,50.23117278
Azerbaijan,2013,47.99828772
Cambodia,2013,38.36109517
Slovenia,2013,45.80257406
Bosnia and Herzegovina,2013,43.78476763
Paraguay,2013,45.74385931
Congo (Brazzaville),2013,36.40587038
Japan,2013,46.87077455
Czech Republic,2013,44.84105919
Austria,2013,48.46780631
Sri Lanka,2013,48.78835372
Slovakia,2013,43.96310545
Algeria,2013,53.55275735
Portugal,2013,45.43878599
Romania,2013,45.44009752
Croatia,2013,46.81625633
Liberia,2013,39.15669894
Chile,2013,51.2538035
Singapore,2013,42.4181429
Hungary,2013,42.21356037
Denmark,2013,45.18131542
Iraq,2013,42.84746333
Kenya,2013,37.30384492
Pakistan,2013,50.23060767
Poland,2013,43.92657613
Bolivia,2013,44.02744299
Uganda,2013,33.6748322
Yemen,2013,42.03600439
Georgia,2013,43.71689121
Mozambique,2013,37.72288829
Madagascar,2013,38.68292696
Tunisia,2013,50.01115498
North Macedonia,2013,44.7590922
Jordan,2013,50.16940269
Iran,2013,43.27361998
Malta,2013,47.47692505
Egypt,2013,36.40268754
Australia,2013,44.44091242
Belarus,2013,40.38592586
Libya,2013,40.37041055
Belgium,2013,43.07968402
China,2013,42.22371227
Malaysia,2013,43.33374479
Ethiopia,2013,42.11337221
Saudi Arabia,2013,40.42939101
Burkina Faso,2013,30.36889222
Benin,2013,31.40030221
Niger,2013,31.7700106
Montenegro,2013,42.86837094
Turkey,2013,42.30340633
Ukraine,2013,38.3670032
Congo (Kinshasa),2013,38.9033841
Canada,2013,40.5874444
Bulgaria,2013,36.05452786
Myanmar,2013,38.84532854
Cameroon,2013,34.12890566
Gabon,2013,31.47903182
South Korea,2013,41.96072971
Cote d'Ivoire,2013,30.09755241
Sudan,2013,39.58486282
Ghana,2013,39.04976336
Mali,2013,30.11631369
Rwanda,2013,38.4581329
Lebanon,2013,43.84486132
Malawi,2013,36.9079995
Kazakhstan,2013,32.97416718
Haiti,2013,43.65737481
Guinea,2013,32.08223872
Burundi,2013,31.75574363
United States of America,2013,38.96445961
Tanzania,2013,34.58101872
Lithuania,2013,38.82579775
Bhutan,2013,37.09200847
India,2013,44.56212156
South Africa,2013,26.40835211
Russia,2013,34.09606292
Mauritania,2013,34.1177235
Estonia,2013,35.43899157
Zambia,2013,43.93653975
United Arab Emirates,2013,33.81536975
Latvia,2013,34.64812349
Nigeria,2013,34.43889923
Bahrain,2013,41.46401447
Kuwait,2013,33.66285114
Turkmenistan,2013,32.50755246
Botswana,2013,32.80539665
Luxembourg,2013,29.37193621
Trinidad and Tobago,2013,33.75366672
Chad,2013,26.14268037
Afghanistan,2013,36.55420165
Sierra Leone,2013,32.55926496
Zimbabwe,2013,37.57256717
Mongolia,2013,27.19050527
Qatar,2013,28.10019119
Costa Rica,2014,64.72670842
Colombia,2014,60.04252986
Switzerland,2014,55.25352218
Ecuador,2014,55.65796865
Panama,2014,59.89338871
Jamaica,2014,52.05958662
Guatemala,2014,59.20214626
Honduras,2014,52.07384579
New Zealand,2014,50.95261922
Philippines,2014,53.12545672
El Salvador,2014,52.69728651
United Kingdom,2014,50.37451789
Peru,2014,53.47395953
Nicaragua,2014,60.57075242
Tajikistan,2014,50.62623644
Netherlands,2014,48.82845063
Dominican Republic,2014,52.20125833
Armenia,2014,44.22863254
Brazil,2014,55.71215753
Bangladesh,2014,50.71573423
Mexico,2014,56.69396375
Uzbekistan,2014,51.52645866
Kyrgyzstan,2014,48.79378844
Serbia,2014,44.87933393
Nepal,2014,50.16576852
Thailand,2014,60.30175209
Germany,2014,49.99107707
Spain,2014,54.40999956
France,2014,49.15098549
Mauritius,2014,44.93841516
Finland,2014,48.20441868
Senegal,2014,43.17496728
Ireland,2014,50.90094532
Albania,2014,49.25833586
Moldova,2014,53.4184595
Norway,2014,48.6089607
Morocco,2014,51.42618491
Italy,2014,48.6776684
Sweden,2014,46.50809728
"Palestine, State of",2014,53.27805168
Argentina,2014,51.41129167
Indonesia,2014,51.35094909
Cyprus,2014,48.90372753
Venezuela,2014,47.29172505
Greece,2014,40.82456666
Vietnam,2014,50.04453468
Israel,2014,54.94647139
Azerbaijan,2014,47.25669804
Cambodia,2014,39.9018275
Slovenia,2014,44.10026727
Bosnia and Herzegovina,2014,44.85395407
Paraguay,2014,42.26672411
Congo (Brazzaville),2014,38.00939192
Japan,2014,47.0874272
Czech Republic,2014,43.62884077
Austria,2014,46.1909333
Sri Lanka,2014,47.22301951
Slovakia,2014,45.31613977
Algeria,2014,55.85748242
Portugal,2014,45.19988695
Romania,2014,49.60946631
Croatia,2014,44.87488339
Liberia,2014,40.18292395
Chile,2014,53.39064862
Singapore,2014,47.02675023
Hungary,2014,42.58069492
Denmark,2014,44.43366351
Iraq,2014,41.68415598
Kenya,2014,45.153823
Pakistan,2014,52.39652594
Poland,2014,43.82280871
Bolivia,2014,44.66658449
Uganda,2014,34.61359103
Yemen,2014,40.26605387
Georgia,2014,42.53933541
Mozambique,2014,38.22485046
Madagascar,2014,37.92765007
Tunisia,2014,46.55196355
North Macedonia,2014,44.88676357
Jordan,2014,51.00598492
Iran,2014,40.19786788
Malta,2014,47.07462229
Egypt,2014,45.39035382
Australia,2014,46.24773447
Belarus,2014,39.97148727
Libya,2014,40.0370232
Belgium,2014,42.59297496
China,2014,42.2281413
Malaysia,2014,44.09693314
Ethiopia,2014,42.74802121
Saudi Arabia,2014,38.71267915
Burkina Faso,2014,31.47276198
Benin,2014,30.51442002
Niger,2014,34.33219154
Montenegro,2014,43.27037225
Turkey,2014,46.87020145
Ukraine,2014,38.06965895
Congo (Kinshasa),2014,38.69718707
Canada,2014,41.9567885
Bulgaria,2014,38.46135765
Myanmar,2014,42.27125116
Cameroon,2014,34.28489108
Gabon,2014,32.23422904
South Korea,2014,41.48403146
Cote d'Ivoire,2014,29.79757025
Sudan,2014,37.98288016
Ghana,2014,32.95661053
Mali,2014,31.87996579
Rwanda,2014,40.04232912
Lebanon,2014,44.85745112
Malawi,2014,41.15764126
Kazakhstan,2014,35.95344115
Haiti,2014,38.93528284
Guinea,2014,29.55906335
Burundi,2014,30.55614182
United States of America,2014,38.62095493
Togo,2014,28.24153246
Tanzania,2014,32.83908468
Lithuania,2014,39.85089963
Namibia,2014,35.111359
Bhutan,2014,34.39011268
India,2014,44.4997744
South Africa,2014,32.35973649
Russia,2014,37.02241127
Mauritania,2014,36.13641939
Estonia,2014,34.68496861
Zambia,2014,39.26398921
United Arab Emirates,2014,31.76746904
Latvia,2014,36.79948262
Nigeria,2014,35.16870629
Bahrain,2014,31.91595389
Kuwait,2014,33.56312712
Turkmenistan,2014,34.26510316
Botswana,2014,33.97857302
Luxembourg,2014,29.78092102
Chad,2014,26.17182632
Afghanistan,2014,33.83339796
Sierra Leone,2014,33.15528447
Zimbabwe,2014,35.88490326
Mongolia,2014,26.05189635
Qatar,2014,25.56256272
Costa Rica,2015,61.7462735
Colombia,2015,59.65478682
Switzerland,2015,56.25750342
Ecuador,2015,56.73102
Panama,2015,59.61897837
Jamaica,2015,54.37250794
Guatemala,2015,58.29211188
Honduras,2015,49.45467831
New Zealand,2015,53.20181426
Philippines,2015,54.40935611
El Salvador,2015,53.68541181
United Kingdom,2015,49.39438329
Peru,2015,50.85814263
Nicaragua,2015,57.16899761
Tajikistan,2015,52.70636418
Netherlands,2015,50.45889694
Dominican Republic,2015,49.72229954
Armenia,2015,43.89880496
Brazil,2015,54.19507017
Bangladesh,2015,50.29627986
Mexico,2015,53.59353453
Uzbekistan,2015,51.94984692
Kyrgyzstan,2015,46.26285961
Serbia,2015,46.18605787
Nepal,2015,49.28776969
Thailand,2015,54.87633155
Germany,2015,50.7113199
Spain,2015,52.84710679
France,2015,48.6826246
Mauritius,2015,44.73934336
Finland,2015,49.33257044
Senegal,2015,44.45649306
Ireland,2015,48.80178696
Albania,2015,47.57418049
Moldova,2015,55.76270768
Norway,2015,50.67855619
Morocco,2015,51.40795506
Italy,2015,47.31775428
Sweden,2015,48.15009952
"Palestine, State of",2015,52.9289479
Argentina,2015,51.43833804
Indonesia,2015,47.8746162
Cyprus,2015,47.60420644
Venezuela,2015,45.93564945
Greece,2015,46.06999201
Vietnam,2015,48.35691874
Israel,2015,48.53490883
Azerbaijan,2015,46.52453921
Cambodia,2015,41.98964735
Slovenia,2015,43.36917874
Bosnia and Herzegovina,2015,43.60700492
Paraguay,2015,46.02595075
Congo (Brazzaville),2015,42.54468175
Japan,2015,47.93934159
Czech Republic,2015,44.39500336
Austria,2015,47.03133872
Sri Lanka,2015,49.35841678
Slovakia,2015,46.24839464
Algeria,2015,52.05948199
Portugal,2015,43.53658371
Romania,2015,48.85549262
Croatia,2015,43.12976486
Liberia,2015,28.5885113
Chile,2015,50.49039653
Singapore,2015,43.65209629
Hungary,2015,44.02126767
Denmark,2015,44.20832842
Iraq,2015,42.56272307
Kenya,2015,41.76008859
Pakistan,2015,48.10268146
Poland,2015,46.22308935
Bolivia,2015,44.48356829
Uganda,2015,38.30611876
Yemen,2015,34.866719
Georgia,2015,41.19047581
Mozambique,2015,38.48049333
Madagascar,2015,37.70188054
Tunisia,2015,49.15310868
North Macedonia,2015,42.68560487
Jordan,2015,51.22810441
Iran,2015,41.36126242
Malta,2015,47.88916061
Egypt,2015,44.82085516
Australia,2015,47.56684669
Belarus,2015,42.31306114
Libya,2015,41.19857575
Belgium,2015,44.62783153
China,2015,42.9910151
Malaysia,2015,47.3134855
Ethiopia,2015,43.36953047
Saudi Arabia,2015,39.01627851
Burkina Faso,2015,37.83133399
Benin,2015,32.71230513
Niger,2015,31.74591484
Montenegro,2015,41.89296266
Turkey,2015,46.16614895
Ukraine,2015,37.73761847
Congo (Kinshasa),2015,35.94450865
Canada,2015,42.20680019
Bulgaria,2015,40.43299082
Myanmar,2015,38.54776205
Cameroon,2015,39.17658912
Gabon,2015,37.21436962
South Korea,2015,41.0529808
Cote d'Ivoire,2015,34.81490026
Ghana,2015,33.53668329
Mali,2015,35.53292792
Rwanda,2015,39.61006104
Lebanon,2015,44.96997611
Malawi,2015,37.48073827
Kazakhstan,2015,35.56350402
Haiti,2015,36.87488828
Guinea,2015,30.41397624
Burundi,2015,32.24339336
United States of America,2015,37.71290626
Togo,2015,34.23152633
Tanzania,2015,34.48131845
Lithuania,2015,37.75359151
Namibia,2015,37.0056706
Bhutan,2015,35.20787353
India,2015,44.10126332
South Africa,2015,33.46703325
Russia,2015,38.06952237
Mauritania,2015,32.82463887
Estonia,2015,34.42629032
Zambia,2015,43.26301794
United Arab Emirates,2015,32.35232144
Latvia,2015,36.31080676
Nigeria,2015,35.8888557
Bahrain,2015,36.54810202
Kuwait,2015,31.98476069
Turkmenistan,2015,34.19830863
Botswana,2015,33.07775983
Luxembourg,2015,29.01207818
Chad,2015,29.95960257
Afghanistan,2015,40.10080812
Sierra Leone,2015,35.76663953
Zimbabwe,2015,33.6325062
Mongolia,2015,26.91293083
Qatar,2015,24.87044297
Costa Rica,2016,62.37983287
Colombia,2016,58.1467944
Switzerland,2016,56.11937518
Ecuador,2016,59.5325466
Panama,2016,56.93162189
Jamaica,2016,55.20347421
Guatemala,2016,57.67299232
Honduras,2016,55.73818967
New Zealand,2016,54.37656561
Philippines,2016,52.443902
El Salvador,2016,54.29450265
United Kingdom,2016,52.14458882
Peru,2016,52.63961877
Nicaragua,2016,56.1793593
Tajikistan,2016,52.31128953
Netherlands,2016,53.68594754
Dominican Republic,2016,50.84355559
Armenia,2016,44.13751633
Brazil,2016,53.78350082
Bangladesh,2016,50.19169361
Mexico,2016,57.15920886
Uzbekistan,2016,51.08585014
Kyrgyzstan,2016,46.32117641
Serbia,2016,48.5659779
Nepal,2016,51.05097307
Thailand,2016,53.9310042
Germany,2016,50.26092251
Spain,2016,51.82363812
France,2016,50.43392161
Mauritius,2016,44.45301295
Finland,2016,48.99474076
Senegal,2016,44.85430544
Ireland,2016,50.42761852
Albania,2016,47.42776412
Moldova,2016,51.55072489
Norway,2016,51.87219257
Morocco,2016,54.03605083
Italy,2016,48.25081043
Sweden,2016,48.2140206
"Palestine, State of",2016,54.86205981
Argentina,2016,51.99075157
Indonesia,2016,48.5456262
Cyprus,2016,49.05419209
Venezuela,2016,37.88709688
Greece,2016,44.40699922
Vietnam,2016,47.87010449
Israel,2016,52.95537866
Azerbaijan,2016,48.84719645
Cambodia,2016,44.04312192
Slovenia,2016,44.53491409
Bosnia and Herzegovina,2016,42.88989601
Paraguay,2016,47.91831036
Congo (Brazzaville),2016,39.05896825
Japan,2016,48.33973477
Czech Republic,2016,45.00467855
Austria,2016,46.93854373
Sri Lanka,2016,48.57545597
Slovakia,2016,45.34959148
Algeria,2016,49.64701731
Portugal,2016,45.74078356
Romania,2016,49.55906318
Croatia,2016,43.70496939
Liberia,2016,33.23599467
Chile,2016,50.82981708
Singapore,2016,41.12248981
Hungary,2016,43.31716346
Denmark,2016,45.17885125
Iraq,2016,42.29979124
Kenya,2016,42.77505281
Pakistan,2016,53.22461771
Poland,2016,46.16811923
Bolivia,2016,44.25669116
Uganda,2016,38.76208933
Yemen,2016,41.33043295
Georgia,2016,43.04600412
Mozambique,2016,38.59457063
Madagascar,2016,38.44090988
Tunisia,2016,44.99366706
North Macedonia,2016,46.2416857
Jordan,2016,49.70275016
Iran,2016,41.02257135
Malta,2016,45.79585328
Egypt,2016,44.17219302
Australia,2016,46.88539264
Belarus,2016,39.76507471
Libya,2016,41.48335513
Belgium,2016,44.89112374
China,2016,43.48180178
Malaysia,2016,45.64232251
Ethiopia,2016,42.03016388
Saudi Arabia,2016,41.57445544
Burkina Faso,2016,36.99844683
Benin,2016,34.61954904
Niger,2016,35.51831581
Montenegro,2016,42.98068696
Turkey,2016,45.1192084
Ukraine,2016,36.11445679
Congo (Kinshasa),2016,40.4038578
Canada,2016,40.8171384
Bulgaria,2016,40.14805243
Myanmar,2016,41.14836783
Cameroon,2016,37.99550162
Gabon,2016,38.85935188
South Korea,2016,41.72344712
Cote d'Ivoire,2016,35.60724689
Ghana,2016,36.91534815
Mali,2016,32.65902655
Rwanda,2016,38.70454113
Lebanon,2016,45.67735347
Malawi,2016,35.38943639
Kazakhstan,2016,34.15479972
Haiti,2016,35.58263314
Guinea,2016,31.12473456
Burundi,2016,33.79186488
United States of America,2016,37.15926754
Togo,2016,35.20649964
Tanzania,2016,30.79859938
Lithuania,2016,38.76692009
Namibia,2016,34.04333668
India,2016,43.02898423
South Africa,2016,33.85786272
Russia,2016,37.48104911
Mauritania,2016,35.77782322
Estonia,2016,34.629869
Zambia,2016,40.40789981
United Arab Emirates,2016,34.98120005
Latvia,2016,36.49648773
Nigeria,2016,37.89295421
Bahrain,2016,32.24323174
Kuwait,2016,31.2002207
Turkmenistan,2016,35.04876278
Botswana,2016,31.3556357
Luxembourg,2016,29.94113103
Chad,2016,28.52399341
Afghanistan,2016,42.04274923
Sierra Leone,2016,35.44928688
Zimbabwe,2016,34.4686362
Lesotho,2016,28.01152779
Central African Republic,2016,22.34825123
Mongolia,2016,26.68082725
Costa Rica,2017,64.1664918
Vanuatu,2017,59.10720478
Colombia,2017,58.6797165
Switzerland,2017,57.00842613
Ecuador,2017,57.50511403
Panama,2017,60.10793063
Jamaica,2017,55.26431443
Guatemala,2017,58.09636199
Honduras,2017,58.64685917
Uruguay,2017,56.04577268
New Zealand,2017,55.81019187
Philippines,2017,53.61026026
El Salvador,2017,56.01473623
United Kingdom,2017,54.51330242
Peru,2017,53.45396197
Nicaragua,2017,59.74465975
Tajikistan,2017,57.71557999
Netherlands,2017,53.1166972
Dominican Republic,2017,53.14711944
Armenia,2017,44.36779447
Brazil,2017,52.99111082
Bangladesh,2017,48.37629207
Mexico,2017,54.11144842
Uzbekistan,2017,55.20577972
Kyrgyzstan,2017,52.55963878
Serbia,2017,45.65771779
Nepal,2017,48.3830935
Thailand,2017,52.70447747
Germany,2017,51.73915277
Spain,2017,51.55928857
France,2017,50.6401261
Mauritius,2017,49.97634013
Finland,2017,51.04208969
Senegal,2017,45.35825605
Ireland,2017,50.86492353
Albania,2017,47.91756054
Moldova,2017,48.90989304
Norway,2017,50.53455496
Morocco,2017,52.95231399
Italy,2017,49.46967817
Sweden,2017,48.06842081
"Palestine, State of",2017,52.29639146
Argentina,2017,49.15572513
Indonesia,2017,48.27079061
Cyprus,2017,49.47223476
Venezuela,2017,45.28177224
Greece,2017,43.56733884
Vietnam,2017,48.36464959
Israel,2017,50.57504766
Azerbaijan,2017,47.88077778
Cambodia,2017,45.16385035
Iceland,2017,46.3978659
Slovenia,2017,45.7815681
Bosnia and Herzegovina,2017,42.94081871
Paraguay,2017,46.51049958
Congo (Brazzaville),2017,44.57206784
Japan,2017,47.38539508
Czech Republic,2017,45.65914911
Austria,2017,47.53631933
Sri Lanka,2017,47.70705693
Slovakia,2017,46.43715015
Algeria,2017,49.48500728
Portugal,2017,45.6479221
Romania,2017,48.53868715
Croatia,2017,44.18255747
Liberia,2017,40.73527933
Chile,2017,48.58351925
Singapore,2017,44.59428992
Hungary,2017,47.57198268
Denmark,2017,45.36657659
Iraq,2017,42.41906805
Kenya,2017,43.73543251
Pakistan,2017,55.05779695
Poland,2017,45.00138843
Bolivia,2017,43.97615561
Uganda,2017,37.69692522
Yemen,2017,37.30334959
Georgia,2017,42.56177598
Mozambique,2017,38.3428658
Madagascar,2017,41.70496943
Tunisia,2017,42.36673266
North Macedonia,2017,44.80451926
Jordan,2017,46.96536822
Iran,2017,41.31012722
Malta,2017,46.18947093
Egypt,2017,39.880006
Taiwan,2017,42.75072932
Australia,2017,44.06809061
Belarus,2017,40.93394697
Laos,2017,40.3882331
Libya,2017,43.36284088
Belgium,2017,43.63812748
China,2017,41.67950278
Malaysia,2017,43.72526932
Ethiopia,2017,41.60349911
Saudi Arabia,2017,39.55164833
Burkina Faso,2017,40.1603322
Benin,2017,40.21962056
Niger,2017,38.32558134
Montenegro,2017,43.26495167
Turkey,2017,46.0748894
Ukraine,2017,38.42360354
Congo (Kinshasa),2017,39.36733655
Canada,2017,41.82213127
Bulgaria,2017,40.935937
Myanmar,2017,38.31323451
Cameroon,2017,40.18398452
Gabon,2017,39.48938701
South Korea,2017,40.51557726
Cote d'Ivoire,2017,37.97278871
Ghana,2017,42.55938534
Mali,2017,37.3662321
Rwanda,2017,37.36791393
Lebanon,2017,45.15592938
Malawi,2017,35.07855368
Kazakhstan,2017,35.68789318
Haiti,2017,39.21815961
Guinea,2017,38.63546408
Burundi,2017,35.69475221
United States of America,2017,38.29597972
Togo,2017,38.29398876
Tanzania,2017,34.15789107
Lithuania,2017,39.49106761
Namibia,2017,35.85611864
India,2017,42.02997103
South Africa,2017,32.57705319
Russia,2017,35.44718967
Mauritania,2017,37.34564725
Estonia,2017,35.73640942
Zambia,2017,37.99429004
United Arab Emirates,2017,35.55711198
Latvia,2017,36.98340444
Nigeria,2017,39.11294842
Hong Kong,2017,31.62644672
Bahrain,2017,32.69513916
Kuwait,2017,32.72680536
Turkmenistan,2017,32.28019195
Botswana,2017,31.49326747
Luxembourg,2017,30.2816418
Trinidad and Tobago,2017,31.66247324
Chad,2017,31.76874686
Afghanistan,2017,31.46323232
Sierra Leone,2017,32.13759895
Zimbabwe,2017,34.21260457
Lesotho,2017,27.99116364
Central African Republic,2017,26.87391329
Mongolia,2017,27.0210166
Costa Rica,2018,63.30310154
Vanuatu,2018,59.63471472
Colombia,2018,57.52070486
Switzerland,2018,58.07155554
Ecuador,2018,60.20185891
Panama,2018,58.66240568
Jamaica,2018,56.45698863
Guatemala,2018,60.20083496
Honduras,2018,57.63346241
Uruguay,2018,56.1202047
New Zealand,2018,57.25973168
Philippines,2018,54.93372905
El Salvador,2018,55.10601219
United Kingdom,2018,55.74683502
Peru,2018,53.33301717
Nicaragua,2018,54.18555087
Tajikistan,2018,55.36071427
Netherlands,2018,54.01096098
Dominican Republic,2018,51.42705685
Armenia,2018,50.36376199
Brazil,2018,52.4416616
Bangladesh,2018,49.73475272
Mexico,2018,55.02105747
Uzbekistan,2018,53.99254102
Kyrgyzstan,2018,50.47203196
Serbia,2018,51.20114469
Nepal,2018,49.16969376
Thailand,2018,52.86786519
Germany,2018,52.49810705
Spain,2018,52.89059426
France,2018,51.17811753
Mauritius,2018,48.46616829
Finland,2018,51.18811549
Senegal,2018,46.03607262
Ireland,2018,49.8516289
Albania,2018,50.82174031
Moldova,2018,50.60364962
Norway,2018,50.21740314
Morocco,2018,49.87068701
Italy,2018,51.21839408
Sweden,2018,49.38821142
"Palestine, State of",2018,51.30103809
Argentina,2018,47.75514195
Indonesia,2018,49.67023522
Cyprus,2018,50.52531122
Venezuela,2018,46.52875272
Greece,2018,45.29208356
Vietnam,2018,48.213858
Israel,2018,47.33166993
Azerbaijan,2018,48.00791652
Cambodia,2018,48.56430751
Iceland,2018,46.88231567
Slovenia,2018,45.80267268
Bosnia and Herzegovina,2018,47.66868461
Paraguay,2018,46.92878022
Congo (Brazzaville),2018,48.75799677
Japan,2018,46.57069051
Czech Republic,2018,46.92872321
Austria,2018,48.05222106
Sri Lanka,2018,48.48710561
Slovakia,2018,45.93018711
Algeria,2018,48.18461881
Portugal,2018,46.12374519
Romania,2018,47.63387338
Croatia,2018,45.52398626
Liberia,2018,39.08039625
Chile,2018,48.71915892
Singapore,2018,45.09627695
Hungary,2018,45.94365008
Denmark,2018,45.19615624
Iraq,2018,45.42260571
Kenya,2018,45.1485644
Pakistan,2018,52.39046558
Poland,2018,44.27596619
Bolivia,2018,45.86141216
Uganda,2018,40.1912495
Yemen,2018,35.98012352
Georgia,2018,43.36861131
Mozambique,2018,41.5696699
Madagascar,2018,41.88067184
Tunisia,2018,46.7022545
North Macedonia,2018,45.27590392
Jordan,2018,45.50249618
Iran,2018,38.75467309
Malta,2018,46.05316234
Egypt,2018,40.55629471
Taiwan,2018,42.91580362
Australia,2018,43.27778032
Belarus,2018,39.36753199
Laos,2018,40.54458321
Libya,2018,42.94110805
Belgium,2018,43.2661911
Comoros,2018,38.058437
China,2018,41.76439175
Malaysia,2018,41.53632467
Ethiopia,2018,43.22297012
Saudi Arabia,2018,40.14794386
Burkina Faso,2018,42.26598534
Benin,2018,46.26491601
Niger,2018,41.90897353
Montenegro,2018,43.28636699
Turkey,2018,43.24802024
Ukraine,2018,40.52097817
Canada,2018,40.50111265
Bulgaria,2018,40.57941736
Myanmar,2018,39.83167699
Cameroon,2018,41.46230101
Gabon,2018,39.29790813
South Korea,2018,39.79236757
Cote d'Ivoire,2018,39.08015845
Ghana,2018,39.68537151
Mali,2018,35.66796942
Rwanda,2018,41.10205847
Lebanon,2018,45.82130248
Malawi,2018,34.71630124
Kazakhstan,2018,36.66047233
Haiti,2018,37.94186761
Guinea,2018,40.86355159
Burundi,2018,37.35026949
United States of America,2018,37.3934735
Togo,2018,36.22690094
Tanzania,2018,35.15208205
Lithuania,2018,38.76514251
Namibia,2018,38.57984512
India,2018,40.29637313
South Africa,2018,34.95262643
Eswatini,2018,33.29174927
Russia,2018,35.12681073
Mauritania,2018,35.36185015
Estonia,2018,35.34342274
Zambia,2018,38.99215665
United Arab Emirates,2018,33.85940322
Latvia,2018,35.22580922
Nigeria,2018,38.90693084
Hong Kong,2018,32.66395188
Bahrain,2018,33.48858453
Kuwait,2018,33.05372679
Turkmenistan,2018,29.25145523
Botswana,2018,31.51073757
Luxembourg,2018,30.94930291
Chad,2018,31.48851121
Afghanistan,2018,31.54055353
Sierra Leone,2018,33.61343409
Zimbabwe,2018,34.24830484
Lesotho,2018,27.67456595
Mongolia,2018,24.72542004
Costa Rica,2019,62.05755177
Vanuatu,2019,60.36387581
Colombia,2019,60.1651675
Switzerland,2019,60.10465034
Ecuador,2019,58.83121306
Panama,2019,57.93216985
Jamaica,2019,57.90362846
Guatemala,2019,57.87555297
Honduras,2019,57.73411068
Uruguay,2019,57.53003585
New Zealand,2019,57.43448131
Philippines,2019,57.10321898
El Salvador,2019,56.32657529
United Kingdom,2019,55.96785254
Peru,2019,55.89352023
Nicaragua,2019,55.19364394
Tajikistan,2019,55.15297812
Netherlands,2019,54.94941705
Dominican Republic,2019,54.84726134
Armenia,2019,54.73393391
Brazil,2019,54.56892235
Bangladesh,2019,54.46704074
Mexico,2019,54.33059101
Uzbekistan,2019,54.14126925
Kyrgyzstan,2019,53.70421002
Serbia,2019,53.21580638
Nepal,2019,53.05560432
Thailand,2019,52.90452836
Germany,2019,52.73131728
Spain,2019,52.3355153
France,2019,51.81547019
Mauritius,2019,51.52077767
Finland,2019,51.2716938
Senegal,2019,51.19518904
Ireland,2019,51.14850813
Albania,2019,51.03309375
Moldova,2019,50.96889516
Norway,2019,50.87519275
Morocco,2019,50.87309546
Italy,2019,50.69761829
Sweden,2019,50.50051612
"Palestine, State of",2019,50.25928365
Argentina,2019,49.98872592
Indonesia,2019,49.59797812
Cyprus,2019,49.4183661
Venezuela,2019,48.94059614
Greece,2019,48.81002762
Vietnam,2019,48.44459745
Israel,2019,48.24342147
Azerbaijan,2019,48.03454046
Cambodia,2019,47.96745103
Iceland,2019,47.95688519
Slovenia,2019,47.88454788
Bosnia and Herzegovina,2019,47.78103944
Paraguay,2019,47.60305593
Congo (Brazzaville),2019,47.15744747
Japan,2019,47.06372618
Czech Republic,2019,46.8144963
Austria,2019,46.81302886
Sri Lanka,2019,46.79711602
Slovakia,2019,46.57431406
Algeria,2019,46.48894951
Portugal,2019,46.26293284
Romania,2019,46.21227471
Croatia,2019,46.20843547
Liberia,2019,46.0225342
Chile,2019,45.64123987
Singapore,2019,45.54925389
Hungary,2019,45.44647998
Denmark,2019,45.32635001
Iraq,2019,45.27885667
Kenya,2019,45.18295778
Pakistan,2019,45.10544179
Poland,2019,45.0226049
Bolivia,2019,44.99913781
Uganda,2019,44.76973343
Yemen,2019,44.62843323
Georgia,2019,44.2727762
Mozambique,2019,44.18803798
Madagascar,2019,44.1806548
Tunisia,2019,43.92253442
North Macedonia,2019,43.85874421
Jordan,2019,43.85457626
Iran,2019,43.632488
Malta,2019,43.5028292
Egypt,2019,43.17843848
Taiwan,2019,43.15363214
Australia,2019,43.11437338
Belarus,2019,42.88780952
Laos,2019,42.78420143
Libya,2019,42.68543403
Belgium,2019,42.53497245
Comoros,2019,42.43860389
China,2019,41.88879499
Malaysia,2019,41.74073777
Ethiopia,2019,41.72822439
Saudi Arabia,2019,41.61211706
Burkina Faso,2019,41.53829397
Benin,2019,41.37151967
Niger,2019,41.35091295
Montenegro,2019,41.33038029
Turkey,2019,41.28234798
Ukraine,2019,40.90280442
Congo (Kinshasa),2019,40.52924206
Canada,2019,40.18359249
Bulgaria,2019,40.13077545
Myanmar,2019,40.04479079
Cameroon,2019,39.90883236
Gabon,2019,39.86493361
South Korea,2019,39.81907149
Cote d'Ivoire,2019,39.64587173
Sudan,2019,39.60313347
Ghana,2019,39.52473405
Mali,2019,39.34192686
Rwanda,2019,39.23448403
Lebanon,2019,38.99983124
Malawi,2019,38.70654232
Kazakhstan,2019,38.64493232
Haiti,2019,38.19941901
Guinea,2019,38.06100367
Burundi,2019,37.69524004
United States of America,2019,37.44571593
Togo,2019,37.31041453
Tanzania,2019,36.95833825
Lithuania,2019,36.85726815
Namibia,2019,36.80911639
Bhutan,2019,36.67282917
India,2019,36.37213182
South Africa,2019,36.20526477
Eswatini,2019,35.34532956
Russia,2019,34.92504653
Mauritania,2019,34.66241836
Estonia,2019,34.44290255
Zambia,2019,34.41091087
United Arab Emirates,2019,34.30856703
Latvia,2019,34.14497266
Nigeria,2019,34.13821364
Hong Kong,2019,33.8906582
Bahrain,2019,33.5929738
Kuwait,2019,33.32497187
Turkmenistan,2019,32.95738249
Botswana,2019,31.85112214
Luxembourg,2019,31.72336953
Trinidad and Tobago,2019,31.61280299
Chad,2019,30.36278983
Afghanistan,2019,29.40920321
Sierra Leone,2019,29.01673937
Zimbabwe,2019,28.64019133
Lesotho,2019,27.30855036
Central African Republic,2019,25.21146334
Mongolia,2019,24.46703662
Qatar,2019,24.32655376
Colombia,2020,55.7945434
Switzerland,2020,62.28129851
Ecuador,2020,55.03687162
Uruguay,2020,57.11328512
New Zealand,2020,60.76005924
Philippines,2020,49.27167437
El Salvador,2020,50.52742629
United Kingdom,2020,56.1425985
Tajikistan,2020,54.48567891
Netherlands,2020,56.81053808
Dominican Republic,2020,49.27113739
Brazil,2020,51.33479544
Bangladesh,2020,56.01265869
Mexico,2020,52.05168473
Kyrgyzstan,2020,57.12953303
Serbia,2020,53.52426868
Thailand,2020,52.98261922
Germany,2020,56.77569205
Spain,2020,54.86217931
France,2020,54.3923462
Mauritius,2020,51.77507632
Finland,2020,54.56416983
Ireland,2020,52.14643662
Albania,2020,54.33605434
Moldova,2020,51.47509901
Norway,2020,51.26408588
Morocco,2020,49.30913864
Italy,2020,52.5996814
Sweden,2020,50.48632124
Argentina,2020,48.43937931
Cyprus,2020,52.69009764
Venezuela,2020,47.07858912
Greece,2020,51.47132315
Israel,2020,50.08477491
Iceland,2020,53.70326738
Slovenia,2020,48.74553008
Bosnia and Herzegovina,2020,45.56136681
Japan,2020,50.253483
Czech Republic,2020,48.64915064
Austria,2020,49.67902882
Slovakia,2020,49.68209376
Portugal,2020,46.95094483
Croatia,2020,52.0308866
Chile,2020,47.26678436
Hungary,2020,45.69286536
Denmark,2020,47.72889535
Iraq,2020,45.12514842
Kenya,2020,45.26122642
Poland,2020,44.90168443
Bolivia,2020,43.78750759
Georgia,2020,45.74492897
Tunisia,2020,47.39465944
North Macedonia,2020,44.53148288
Jordan,2020,40.93537091
Iran,2020,41.90443836
Malta,2020,43.281824
Egypt,2020,44.62797295
Taiwan,2020,45.10790384
Australia,2020,44.45794445
Belgium,2020,48.60853336
China,2020,45.6274837
Ethiopia,2020,45.35897817
Saudi Arabia,2020,41.97867414
Benin,2020,38.3224519
Montenegro,2020,44.30042404
Turkey,2020,41.74899233
Ukraine,2020,44.55901546
Canada,2020,42.03892507
Bulgaria,2020,43.68435529
Myanmar,2020,40.21167847
Cameroon,2020,42.22525496
South Korea,2020,40.92944607
Cote d'Ivoire,2020,39.39568776
Ghana,2020,42.18267098
Kazakhstan,2020,38.82185595
United States of America,2020,39.70352671
Tanzania,2020,38.4237554
Lithuania,2020,38.13407863
India,2020,43.7596634
South Africa,2020,34.29046438
Russia,2020,35.14890992
Estonia,2020,38.86193611
Zambia,2020,45.22655361
United Arab Emirates,2020,35.62694648
Latvia,2020,36.68597217
Nigeria,2020,41.2068467
Bahrain,2020,33.01221307
Zimbabwe,2020,31.98128614
